Log started at 8/24/2026 5:44:13 PM (2026-08-25T00:44:13Z)
Starting AutomationTool...
Parsing command line: BuildCookRun -project=C:\DGTour\DiscGolfTour.uproject -noP4 -platform=Win64 -clientconfig=Development -build -cook -stage -pak -iostore -archive -archivedirectory=C:\DGTour_Packages\S18_PolyHavenProvenance_63624166-aa24-49d0-a89f-74a125a36be2 -clean -utf8output -abslog=C:\DGTour\Saved\Logs\Session18Package_63624166-aa24-49d0-a89f-74a125a36be2.log
Found 1 scripts to execute:
  BuildCookRun(project=C:\DGTour\DiscGolfTour.uproject, noP4, platform=Win64, clientconfig=Development, build, cook, stage, pak, iostore, archive, archivedirectory=C:\DGTour_Packages\S18_PolyHavenProvenance_63624166-aa24-49d0-a89f-74a125a36be2, clean, utf8output, abslog=C:\DGTour\Saved\Logs\Session18Package_63624166-aa24-49d0-a89f-74a125a36be2.log)
Running on Windows as a 64-bit process.
CWD=C:\Program Files\Epic Games\UE_5.8
UnrealEngine ver. 5.8.0.0
Initializing script modules...
Find 1 directories time: 0.01 s
Find 25 projects time: 0.11 s
Total script module initialization time: 0.20 s.
IsBuildMachine=False
ShouldKillProcesses=True
Setting up command environment.
GetEnvironmentVariable uebp_LOCAL_ROOT=
GetEnvironmentVariable uebp_LOCAL_ROOT=
GetEnvironmentVariable uebp_EngineSavedFolder=
SetEnvVar uebp_EngineSavedFolder=C:/Program Files/Epic Games/UE_5.8/Engine/Programs/AutomationTool/Saved
GetEnvironmentVariable uebp_EngineSavedFolder=C:/Program Files/Epic Games/UE_5.8/Engine/Programs/AutomationTool/Saved
GetEnvironmentVariable uebp_CSVFile=
GetEnvironmentVariable uebp_LogFolder=
GetEnvironmentVariable uebp_LOCAL_ROOT=C:/Program Files/Epic Games/UE_5.8
SetEnvVar uebp_LogFolder=<USER_HOME>/AppData/Roaming/Unreal Engine/AutomationTool/Logs/C+Program+Files+Epic+Games+UE_5.8
DeleteDirectoryContents(<USER_HOME>/AppData/Roaming/Unreal Engine/AutomationTool/Logs/C+Program+Files+Epic+Games+UE_5.8)
SafeDeleteFile <USER_HOME>\AppData\Roaming\Unreal Engine\AutomationTool\Logs\C+Program+Files+Epic+Games+UE_5.8\Log.json
SafeDeleteFile <USER_HOME>\AppData\Roaming\Unreal Engine\AutomationTool\Logs\C+Program+Files+Epic+Games+UE_5.8\Log.txt
GetEnvironmentVariable uebp_FinalLogFolder=
SetEnvVar uebp_FinalLogFolder=<USER_HOME>/AppData/Roaming/Unreal Engine/AutomationTool/Logs/C+Program+Files+Epic+Games+UE_5.8
SetEnvVar MallocNanoZone=0
GetEnvironmentVariable uebp_UATChildInstance=0
Found VisualStudio2022 installation: C:\Program Files (x86)\Microsoft Visual Studio\2022\BuildTools (Product=Microsoft.VisualStudio.Product.BuildTools, Version=17.14.37516.0)
Using C:\Program Files (x86)\Microsoft Visual Studio\2022\BuildTools\MSBuild\Current\Bin\MSBuild.exe
CompilationEvironment.HasCapabilityToCompile=True
CompilationEvironment.FrameworkMsbuildExe=C:\Program Files (x86)\Microsoft Visual Studio\2022\BuildTools\MSBuild\Current\Bin\MSBuild.exe
CompilationEvironment.DotnetMsbuildExe=C:\Program Files\Epic Games\UE_5.8\Engine\Binaries\ThirdParty\DotNet\10.0\win-x64\dotnet.exe
Command Environment settings:
CmdExe=C:\windows\system32\cmd.exe
EngineSavedFolder=C:/Program Files/Epic Games/UE_5.8/Engine/Programs/AutomationTool/Saved
HasCapabilityToCompile=True
LocalRoot=C:/Program Files/Epic Games/UE_5.8
LogFolder=<USER_HOME>/AppData/Roaming/Unreal Engine/AutomationTool/Logs/C+Program+Files+Epic+Games+UE_5.8
MountExe=C:\windows\system32\mount.exe
FrameworkMsbuildExe=C:\Program Files (x86)\Microsoft Visual Studio\2022\BuildTools\MSBuild\Current\Bin\MSBuild.exe
DotnetMsbuildExe=C:\Program Files\Epic Games\UE_5.8\Engine\Binaries\ThirdParty\DotNet\10.0\win-x64\dotnet.exe
RobocopyExe=C:\windows\system32\robocopy.exe
TimestampAsString=2026-08-24_17.44.13
AutomationToolDll=C:\Program Files\Epic Games\UE_5.8\Engine\Binaries\DotNET\AutomationTool\AutomationTool.dll

No project directory provided for project scope BuildConfiguration.xml resolution.
No config file at C:\ProgramData\Unreal Engine\UnrealBuildTool\BuildConfiguration.xml
No config file at <USER_HOME>\AppData\Local\Unreal Engine\UnrealBuildTool\BuildConfiguration.xml
No config file at <USER_HOME>\OneDrive\Documents\Unreal Engine\UnrealBuildTool\BuildConfiguration.xml
Configuration will be read from:
  <USER_HOME>\AppData\Roaming\Unreal Engine\UnrealBuildTool\BuildConfiguration.xml
Reading configuration file from cache (<USER_HOME>\AppData\Local\UnrealEngine\XmlConfigCache-C+Program Files+Epic Games+UE_5.8.bin): <USER_HOME>\AppData\Roaming\Unreal Engine\UnrealBuildTool\BuildConfiguration.xml
Reading configuration file from cache (<USER_HOME>\AppData\Local\UnrealEngine\XmlConfigCache-C+Program Files+Epic Games+UE_5.8.bin): <USER_HOME>\AppData\Local\UnrealEngine\Intermediate\Build\UnrealBuildTool.Env.BuildConfiguration.xml
    Registering build platform: UnrealBuildTool.AndroidPlatformFactory
    Registering build platform: UnrealBuildTool.IOSPlatformFactory
    Registering build platform: UnrealBuildTool.LinuxPlatformFactory
    Registering build platform: UnrealBuildTool.MacPlatformFactory
    Registering build platform: UnrealBuildTool.TVOSPlatformFactory
    Registering build platform: UnrealBuildTool.WindowsPlatformFactory
Found Windows 10 SDK root at C:\Program Files\Windows Kits\10 (1)
Found Windows 10 SDK root at C:\Program Files (x86)\Windows Kits\10 (2)
Found Windows 10 SDK version 10.0.26100.0 at C:\Program Files (x86)\Windows Kits\10
Found Universal CRT version 10.0.26100.0 at C:\Program Files (x86)\Windows Kits\10
Win64 Installed SDK(s): MinVersion_Sdk=10.0.19041.0, MaxVersion_Sdk=10.9.99999.0, CurrentVersion_Sdk=10.0.26100.0, Version_AutoSdk=10.0.22621.0, CurrentVersion_AutoSdk=
        Registering build platform: Win64 - buildable: True
    Registering build platform: UnrealBuildTool.VisionOSPlatformFactory
Cleaning up project rules folder
DeleteDirectoryContents(<USER_HOME>\AppData\Local\Temp\UAT\C+Program+Files+Epic+Games+UE_5.8\Rules)
Loading script DLL: C:\Program Files\Epic Games\UE_5.8\Engine\Binaries\DotNET\AutomationTool\AutomationScripts\Platforms\Android\net10.0\Android.Automation.dll
Loading script DLL: C:\Program Files\Epic Games\UE_5.8\Engine\Binaries\DotNET\AutomationTool\AutomationScripts\Platforms\Apple\net10.0\Apple.Automation.dll
Loading script DLL: C:\Program Files\Epic Games\UE_5.8\Engine\Binaries\DotNET\AutomationTool\AutomationScripts\AutomatedPerfTesting\net10.0\AutomatedPerfTesting.Automation.dll
Loading script DLL: C:\Program Files\Epic Games\UE_5.8\Engine\Binaries\DotNET\AutomationTool\AutomationScripts\Scripts\net10.0\AutomationScripts.Automation.dll
Loading script DLL: C:\Program Files\Epic Games\UE_5.8\Engine\Binaries\DotNET\AutomationTool\AutomationUtils\net10.0\AutomationUtils.Automation.dll
Loading script DLL: C:\Program Files\Epic Games\UE_5.8\Engine\Binaries\DotNET\AutomationTool\AutomationScripts\BuildGraph\net10.0\BuildGraph.Automation.dll
Loading script DLL: C:\Program Files\Epic Games\UE_5.8\Engine\Binaries\DotNET\AutomationTool\AutomationScripts\CookedEditor\net10.0\CookedEditor.Automation.dll
Loading script DLL: C:\Program Files\Epic Games\UE_5.8\Engine\Binaries\DotNET\AutomationTool\AutomationScripts\CrowdinLocalization\net10.0\CrowdinLocalization.Automation.dll
Loading script DLL: C:\Program Files\Epic Games\UE_5.8\Engine\Binaries\DotNET\AutomationTool\AutomationScripts\Gauntlet\net10.0\Gauntlet.Automation.dll
Loading script DLL: C:\Program Files\Epic Games\UE_5.8\Engine\Binaries\DotNET\AutomationTool\AutomationScripts\ICVFX\net10.0\ICVFX.Automation.dll
Loading script DLL: C:\Program Files\Epic Games\UE_5.8\Engine\Binaries\DotNET\AutomationTool\AutomationScripts\Insights\net10.0\Insights.Automation.dll
Loading script DLL: C:\Program Files\Epic Games\UE_5.8\Engine\Binaries\DotNET\AutomationTool\AutomationScripts\Platforms\IOS\net10.0\IOS.Automation.dll
Loading script DLL: C:\Program Files\Epic Games\UE_5.8\Engine\Binaries\DotNET\AutomationTool\AutomationScripts\Platforms\Linux\net10.0\Linux.Automation.dll
Loading script DLL: C:\Program Files\Epic Games\UE_5.8\Engine\Binaries\DotNET\AutomationTool\AutomationScripts\LiveLinkHub\net10.0\LiveLinkHub.Automation.dll
Loading script DLL: C:\Program Files\Epic Games\UE_5.8\Engine\Binaries\DotNET\AutomationTool\AutomationScripts\Localization\net10.0\Localization.Automation.dll
Loading script DLL: C:\Program Files\Epic Games\UE_5.8\Engine\Binaries\DotNET\AutomationTool\AutomationScripts\LowLevelTests\net10.0\LowLevelTests.Automation.dll
Loading script DLL: C:\Program Files\Epic Games\UE_5.8\Engine\Binaries\DotNET\AutomationTool\AutomationScripts\Platforms\Mac\net10.0\Mac.Automation.dll
Loading script DLL: C:\Program Files\Epic Games\UE_5.8\Engine\Binaries\DotNET\AutomationTool\AutomationScripts\Platforms\Microsoft\net10.0\Microsoft.Automation.dll
Loading script DLL: C:\Program Files\Epic Games\UE_5.8\Engine\Binaries\DotNET\AutomationTool\AutomationScripts\Mutable\net10.0\Mutable.Automation.dll
Loading script DLL: C:\Program Files\Epic Games\UE_5.8\Engine\Binaries\DotNET\AutomationTool\AutomationScripts\OneSkyLocalization\net10.0\OneSkyLocalization.Automation.dll
Loading script DLL: C:\Program Files\Epic Games\UE_5.8\Engine\Binaries\DotNET\AutomationTool\AutomationScripts\SmartlingLocalization\net10.0\SmartlingLocalization.Automation.dll
Loading script DLL: C:\Program Files\Epic Games\UE_5.8\Engine\Binaries\DotNET\AutomationTool\AutomationScripts\Platforms\SteamDeck\net10.0\SteamDeck.Automation.dll
Loading script DLL: C:\Program Files\Epic Games\UE_5.8\Engine\Binaries\DotNET\AutomationTool\AutomationScripts\Turnkey\net10.0\Turnkey.Automation.dll
Loading script DLL: C:\Program Files\Epic Games\UE_5.8\Engine\Binaries\DotNET\AutomationTool\AutomationScripts\Platforms\TVOS\net10.0\TVOS.Automation.dll
Loading script DLL: C:\Program Files\Epic Games\UE_5.8\Engine\Platforms\VisionOS\Binaries\DotNET\AutomationTool\AutomationScripts\net10.0\VisionOS.Automation.dll
Loading script DLL: C:\Program Files\Epic Games\UE_5.8\Engine\Binaries\DotNET\AutomationTool\AutomationScripts\Platforms\Windows\net10.0\Win.Automation.dll
Loading script DLL: C:\Program Files\Epic Games\UE_5.8\Engine\Binaries\DotNET\AutomationTool\AutomationScripts\XLocLocalization\net10.0\XLocLocalization.Automation.dll
Creating platforms.
Looking for platforms in C:\Program Files\Epic Games\UE_5.8\Engine\Binaries\DotNET\AutomationTool\AutomationScripts\Platforms\Android\net10.0\Android.Automation.dll
Creating platform AndroidPlatform from C:\Program Files\Epic Games\UE_5.8\Engine\Binaries\DotNET\AutomationTool\AutomationScripts\Platforms\Android\net10.0\Android.Automation.dll.
Creating platform AndroidPlatformMulti from C:\Program Files\Epic Games\UE_5.8\Engine\Binaries\DotNET\AutomationTool\AutomationScripts\Platforms\Android\net10.0\Android.Automation.dll.
Creating platform AndroidPlatformDXT from C:\Program Files\Epic Games\UE_5.8\Engine\Binaries\DotNET\AutomationTool\AutomationScripts\Platforms\Android\net10.0\Android.Automation.dll.
Creating platform AndroidPlatformETC2 from C:\Program Files\Epic Games\UE_5.8\Engine\Binaries\DotNET\AutomationTool\AutomationScripts\Platforms\Android\net10.0\Android.Automation.dll.
Creating platform AndroidPlatformASTC from C:\Program Files\Epic Games\UE_5.8\Engine\Binaries\DotNET\AutomationTool\AutomationScripts\Platforms\Android\net10.0\Android.Automation.dll.
Creating platform AndroidPlatformOpenXR from C:\Program Files\Epic Games\UE_5.8\Engine\Binaries\DotNET\AutomationTool\AutomationScripts\Platforms\Android\net10.0\Android.Automation.dll.
Looking for platforms in C:\Program Files\Epic Games\UE_5.8\Engine\Binaries\DotNET\AutomationTool\AutomationScripts\Platforms\TVOS\net10.0\Apple.Automation.dll
Looking for platforms in C:\Program Files\Epic Games\UE_5.8\Engine\Binaries\DotNET\AutomationTool\AutomationScripts\AutomatedPerfTesting\net10.0\AutomatedPerfTesting.Automation.dll
Looking for platforms in C:\Program Files\Epic Games\UE_5.8\Engine\Binaries\DotNET\AutomationTool\AutomationScripts\Scripts\net10.0\AutomationScripts.Automation.dll
Looking for platforms in C:\Program Files\Epic Games\UE_5.8\Engine\Binaries\DotNET\AutomationTool\AutomationUtils\net10.0\AutomationUtils.Automation.dll
Looking for platforms in C:\Program Files\Epic Games\UE_5.8\Engine\Binaries\DotNET\AutomationTool\AutomationScripts\BuildGraph\net10.0\BuildGraph.Automation.dll
Looking for platforms in C:\Program Files\Epic Games\UE_5.8\Engine\Binaries\DotNET\AutomationTool\AutomationScripts\LiveLinkHub\net10.0\CookedEditor.Automation.dll
Creating platform WindowsCookedEditor from C:\Program Files\Epic Games\UE_5.8\Engine\Binaries\DotNET\AutomationTool\AutomationScripts\LiveLinkHub\net10.0\CookedEditor.Automation.dll.
Creating platform LinuxCookedEditor from C:\Program Files\Epic Games\UE_5.8\Engine\Binaries\DotNET\AutomationTool\AutomationScripts\LiveLinkHub\net10.0\CookedEditor.Automation.dll.
Creating platform MacCookedEditor from C:\Program Files\Epic Games\UE_5.8\Engine\Binaries\DotNET\AutomationTool\AutomationScripts\LiveLinkHub\net10.0\CookedEditor.Automation.dll.
Creating platform WindowsCookedCooker from C:\Program Files\Epic Games\UE_5.8\Engine\Binaries\DotNET\AutomationTool\AutomationScripts\LiveLinkHub\net10.0\CookedEditor.Automation.dll.
Creating platform LinuxCookedCooker from C:\Program Files\Epic Games\UE_5.8\Engine\Binaries\DotNET\AutomationTool\AutomationScripts\LiveLinkHub\net10.0\CookedEditor.Automation.dll.
Creating platform MacCookedCooker from C:\Program Files\Epic Games\UE_5.8\Engine\Binaries\DotNET\AutomationTool\AutomationScripts\LiveLinkHub\net10.0\CookedEditor.Automation.dll.
Looking for platforms in C:\Program Files\Epic Games\UE_5.8\Engine\Binaries\DotNET\AutomationTool\AutomationScripts\CrowdinLocalization\net10.0\CrowdinLocalization.Automation.dll
Looking for platforms in C:\Program Files\Epic Games\UE_5.8\Engine\Binaries\DotNET\AutomationTool\AutomationScripts\Mutable\net10.0\Gauntlet.Automation.dll
Looking for platforms in C:\Program Files\Epic Games\UE_5.8\Engine\Binaries\DotNET\AutomationTool\AutomationScripts\ICVFX\net10.0\ICVFX.Automation.dll
Looking for platforms in C:\Program Files\Epic Games\UE_5.8\Engine\Binaries\DotNET\AutomationTool\AutomationScripts\Insights\net10.0\Insights.Automation.dll
Looking for platforms in C:\Program Files\Epic Games\UE_5.8\Engine\Binaries\DotNET\AutomationTool\AutomationScripts\Platforms\IOS\net10.0\IOS.Automation.dll
Creating platform IOSPlatform from C:\Program Files\Epic Games\UE_5.8\Engine\Binaries\DotNET\AutomationTool\AutomationScripts\Platforms\IOS\net10.0\IOS.Automation.dll.
Looking for platforms in C:\Program Files\Epic Games\UE_5.8\Engine\Binaries\DotNET\AutomationTool\AutomationScripts\Platforms\Linux\net10.0\Linux.Automation.dll
Creating platform GenericLinuxPlatform from C:\Program Files\Epic Games\UE_5.8\Engine\Binaries\DotNET\AutomationTool\AutomationScripts\Platforms\Linux\net10.0\Linux.Automation.dll.
Creating platform GenericLinuxPlatformArm64 from C:\Program Files\Epic Games\UE_5.8\Engine\Binaries\DotNET\AutomationTool\AutomationScripts\Platforms\Linux\net10.0\Linux.Automation.dll.
Creating platform LinuxPlatformArm64DXT from C:\Program Files\Epic Games\UE_5.8\Engine\Binaries\DotNET\AutomationTool\AutomationScripts\Platforms\Linux\net10.0\Linux.Automation.dll.
Creating platform LinuxPlatformArm64ASTC from C:\Program Files\Epic Games\UE_5.8\Engine\Binaries\DotNET\AutomationTool\AutomationScripts\Platforms\Linux\net10.0\Linux.Automation.dll.
Creating platform LinuxPlatformArm64ETC2 from C:\Program Files\Epic Games\UE_5.8\Engine\Binaries\DotNET\AutomationTool\AutomationScripts\Platforms\Linux\net10.0\Linux.Automation.dll.
Creating platform LinuxPlatformArm64Multi from C:\Program Files\Epic Games\UE_5.8\Engine\Binaries\DotNET\AutomationTool\AutomationScripts\Platforms\Linux\net10.0\Linux.Automation.dll.
Looking for platforms in C:\Program Files\Epic Games\UE_5.8\Engine\Binaries\DotNET\AutomationTool\AutomationScripts\LiveLinkHub\net10.0\LiveLinkHub.Automation.dll
Looking for platforms in C:\Program Files\Epic Games\UE_5.8\Engine\Binaries\DotNET\AutomationTool\AutomationScripts\Localization\net10.0\Localization.Automation.dll
Looking for platforms in C:\Program Files\Epic Games\UE_5.8\Engine\Binaries\DotNET\AutomationTool\AutomationScripts\LowLevelTests\net10.0\LowLevelTests.Automation.dll
Looking for platforms in C:\Program Files\Epic Games\UE_5.8\Engine\Binaries\DotNET\AutomationTool\AutomationScripts\Platforms\Mac\net10.0\Mac.Automation.dll
Creating platform MacPlatform from C:\Program Files\Epic Games\UE_5.8\Engine\Binaries\DotNET\AutomationTool\AutomationScripts\Platforms\Mac\net10.0\Mac.Automation.dll.
Looking for platforms in C:\Program Files\Epic Games\UE_5.8\Engine\Binaries\DotNET\AutomationTool\AutomationScripts\Platforms\Microsoft\net10.0\Microsoft.Automation.dll
Looking for platforms in C:\Program Files\Epic Games\UE_5.8\Engine\Binaries\DotNET\AutomationTool\AutomationScripts\Mutable\net10.0\Mutable.Automation.dll
Looking for platforms in C:\Program Files\Epic Games\UE_5.8\Engine\Binaries\DotNET\AutomationTool\AutomationScripts\OneSkyLocalization\net10.0\OneSkyLocalization.Automation.dll
Looking for platforms in C:\Program Files\Epic Games\UE_5.8\Engine\Binaries\DotNET\AutomationTool\AutomationScripts\SmartlingLocalization\net10.0\SmartlingLocalization.Automation.dll
Looking for platforms in C:\Program Files\Epic Games\UE_5.8\Engine\Binaries\DotNET\AutomationTool\AutomationScripts\Platforms\Windows\net10.0\SteamDeck.Automation.dll
Looking for platforms in C:\Program Files\Epic Games\UE_5.8\Engine\Binaries\DotNET\AutomationTool\AutomationScripts\Turnkey\net10.0\Turnkey.Automation.dll
Looking for platforms in C:\Program Files\Epic Games\UE_5.8\Engine\Binaries\DotNET\AutomationTool\AutomationScripts\Platforms\TVOS\net10.0\TVOS.Automation.dll
Creating platform TVOSPlatform from C:\Program Files\Epic Games\UE_5.8\Engine\Binaries\DotNET\AutomationTool\AutomationScripts\Platforms\TVOS\net10.0\TVOS.Automation.dll.
Looking for platforms in C:\Program Files\Epic Games\UE_5.8\Engine\Platforms\VisionOS\Binaries\DotNET\AutomationTool\AutomationScripts\net10.0\VisionOS.Automation.dll
Creating platform VisionOSPlatform from C:\Program Files\Epic Games\UE_5.8\Engine\Platforms\VisionOS\Binaries\DotNET\AutomationTool\AutomationScripts\net10.0\VisionOS.Automation.dll.
Looking for platforms in C:\Program Files\Epic Games\UE_5.8\Engine\Binaries\DotNET\AutomationTool\AutomationScripts\Platforms\Windows\net10.0\Win.Automation.dll
Creating platform Win64Platform from C:\Program Files\Epic Games\UE_5.8\Engine\Binaries\DotNET\AutomationTool\AutomationScripts\Platforms\Windows\net10.0\Win.Automation.dll.
Looking for platforms in C:\Program Files\Epic Games\UE_5.8\Engine\Binaries\DotNET\AutomationTool\AutomationScripts\XLocLocalization\net10.0\XLocLocalization.Automation.dll
Initializing AllowSubmit.
AllowSubmit=False
Initializing P4Enabled.
P4Enabled=False
P4CLRequired=False
Executing commands...
Attempting to execute BuildCookRun(project=C:\DGTour\DiscGolfTour.uproject, noP4, platform=Win64, clientconfig=Development, build, cook, stage, pak, iostore, archive, archivedirectory=C:\DGTour_Packages\S18_PolyHavenProvenance_63624166-aa24-49d0-a89f-74a125a36be2, clean, utf8output, abslog=C:\DGTour\Saved\Logs\Session18Package_63624166-aa24-49d0-a89f-74a125a36be2.log)
Setting up ProjectParams for C:\DGTour\DiscGolfTour.uproject
Looking for targets for project C:\DGTour\DiscGolfTour.uproject
Searching for target rule files in C:/DGTour
Found 2 target rule files:
  C:\DGTour\Source\DiscGolfTour.Target.cs
  C:\DGTour\Source\DiscGolfTourEditor.Target.cs
Compiling targets DLL: <USER_HOME>\AppData\Local\Temp\UAT\C+Program+Files+Epic+Games+UE_5.8\Rules\UATRules-2c565c8f70d5d6d4530e8694bb6b7534.dll
Compiling <USER_HOME>\AppData\Local\Temp\UAT\C+Program+Files+Epic+Games+UE_5.8\Rules\UATRules-2c565c8f70d5d6d4530e8694bb6b7534.dll: Assembly does not exist
Creating target rules object: DiscGolfTourTarget
Adding target: DiscGolfTourTarget (Game)
Creating target rules object: DiscGolfTourEditorTarget
Adding target: DiscGolfTourEditorTarget (Editor)
Loading ini files for C:\DGTour\DiscGolfTour.uproject
Project Params **************
AdditionalServerMapParams=
Archive=True
ArchiveMetaData=False
CreateAppBundle=True
BaseArchiveDirectory=C:\DGTour_Packages\S18_PolyHavenProvenance_63624166-aa24-49d0-a89f-74a125a36be2
BaseStageDirectory=C:\DGTour\Saved\StagedBuilds
ConfigOverrideParams=-
Build=True
SkipBuildClient=False
SkipBuildEditor=False
Cook=True
Clean=True
Client=False
ClientConfigsToBuild=Development
ClientCookedTargets=DiscGolfTour
ClientTargetPlatform=Win64
Compressed=False
ForceUncompressed=False
AdditionalPakOptions=
AdditionalIoStoreOptions=
ForceOodleDllVersion=
CookOnTheFly=False
CookOnTheFlyStreaming=False
UnversionedCookedContent=True
OptionalContent=False
SkipCookingEditorContent=False
SkipCookingErrorSummary=False
GeneratePatch=False
AddPatchLevel=False
DiscVersion=
CreateReleaseVersion=
BasedOnReleaseVersion=
OriginalReleaseVersion=
DLCFile=(null)
DLCIncludeEngineContent=False
DLCPakPluginFile=False
DLCOverrideCookedSubDir=(null)
DLCOverrideStagedSubDir=(null)
DiffCookedContentPath=
AdditionalCookerOptions=
DedicatedServer=False
DirectoriesToCook=
DDCGraph=
CulturesToCook=<Not Specified> (Use Defaults)
EditorTargets=DiscGolfTourEditor
Foreign=False
IsCodeBasedProject=True
IsProgramTarget=False
IncrementalCook=False
IterateSharedCookedBuild=
IterateSharedBuildUsePrecompiledExe=False
CookAll=False
CookPartialGC=False
CookInEditor=False
CookMapsOnly=False
Deploy=False
IterativeDeploy=False
FastCook=False
LogWindow=False
Manifests=False
MapToRun=
NoClient=False
NumClients=0
NoDebugInfo=False
SeparateDebugInfo=False
MapFile=False
NoCleanStage=False
NoXGE=False
MapsToCook=
MapIniSectionsToCook=
Pak=True
IgnorePaksFromDifferentCookSource=False
IoStore=True
SkipIoStore=False
ZenStore=False
NoZenAutoLaunch=
SkipEncryption=False
GenerateOptimizationData=False
SkipPackage=False
NeverPackage=False
Package=False
ForcePackageData=False
NullRHI=False
WriteBackMetadataToAssetRegistry=
FakeClient=False
EditorTest=False
RunAutomationTests=False
RunAutomationTest=
RunTimeoutSeconds=0
CrashIndex=0
ProgramTargets=
ProjectPlatformBinariesPaths=[Win64, C:\DGTour\Binaries\Win64]
ProjectExePaths=[Win64, C:\DGTour\Binaries\Win64\DiscGolfTour.exe]
Distribution=False
PackageEncryptionKeyFile=(null)
Prebuilt=False
Prereqs=False
AppLocalDirectory=
NoBootstrapExe=False
RawProjectPath=C:\DGTour\DiscGolfTour.uproject
RawProgramProjectOverride=(null)
Run=False
ServerConfigsToBuild=Development
ServerCookedTargets=
ServerTargetPlatform=Win64
ShortProjectName=DiscGolfTour
SignedPak=False
SignPak=(null)
SkipCook=False
SkipCookOnTheFly=False
SkipPak=False
PrePak=False
SkipStage=False
Stage=True
RehydrateAssets=False
bTreatNonShippingBinariesAsDebugFiles=False
bUseExtraFlavor=False
StageDirectoryParam=
AdditionalPackageOptions=
Trace=(null)
TraceHost=(null)
TraceFile=(null)
Project Params **************
********** BUILD COMMAND STARTED **********
************************* UnrealBuild:
************************* UseXGE: False
Running: C:\Program Files\Epic Games\UE_5.8\Engine\Binaries\ThirdParty\DotNet\10.0\win-x64\dotnet.exe "C:\Program Files\Epic Games\UE_5.8\Engine\Binaries\DotNET\UnrealBuildTool\UnrealBuildTool.dll" DiscGolfTourEditor Win64 Development -Project="C:\DGTour\DiscGolfTour.uproject" -Clean -NoHotReload "C:\DGTour\DiscGolfTour.uproject" -NoUBTMakefiles  -log="<USER_HOME>\AppData\Roaming\Unreal Engine\AutomationTool\Logs\C+Program+Files+Epic+Games+UE_5.8\UBA-DiscGolfTourEditor-Win64-Development.txt"
Log file: <USER_HOME>\AppData\Roaming\Unreal Engine\AutomationTool\Logs\C+Program+Files+Epic+Games+UE_5.8\UBA-DiscGolfTourEditor-Win64-Development.txt
Cleaning DiscGolfTourEditor binaries...
Trace written to file <USER_HOME>\AppData\Local\UnrealBuildTool\Trace.uba with size 584b
Took 0.79s to run dotnet.exe, ExitCode=0
Running: C:\Program Files\Epic Games\UE_5.8\Engine\Binaries\ThirdParty\DotNet\10.0\win-x64\dotnet.exe "C:\Program Files\Epic Games\UE_5.8\Engine\Binaries\DotNET\UnrealBuildTool\UnrealBuildTool.dll" DiscGolfTour Win64 Development -Project="C:\DGTour\DiscGolfTour.uproject" -Clean -NoHotReload "C:\DGTour\DiscGolfTour.uproject" -NoUBTMakefiles  -remoteini="C:\DGTour"   -log="<USER_HOME>\AppData\Roaming\Unreal Engine\AutomationTool\Logs\C+Program+Files+Epic+Games+UE_5.8\UBA-DiscGolfTour-Win64-Development.txt"
Log file: <USER_HOME>\AppData\Roaming\Unreal Engine\AutomationTool\Logs\C+Program+Files+Epic+Games+UE_5.8\UBA-DiscGolfTour-Win64-Development.txt
Cleaning DiscGolfTour binaries...
Trace written to file <USER_HOME>\AppData\Local\UnrealBuildTool\Trace.uba with size 585b
Took 0.98s to run dotnet.exe, ExitCode=0
Running: C:\Program Files\Epic Games\UE_5.8\Engine\Binaries\ThirdParty\DotNet\10.0\win-x64\dotnet.exe "C:\Program Files\Epic Games\UE_5.8\Engine\Binaries\DotNET\UnrealBuildTool\UnrealBuildTool.dll" -Target="DiscGolfTourEditor Win64 Development -Project=C:\DGTour\DiscGolfTour.uproject" -Target="DiscGolfTour Win64 Development -Project=C:\DGTour\DiscGolfTour.uproject  -remoteini=\"C:\DGTour\"  " -log="<USER_HOME>\AppData\Roaming\Unreal Engine\AutomationTool\Logs\C+Program+Files+Epic+Games+UE_5.8\UBA-DiscGolfTourEditor-Win64-Development_2.txt"
Log file: <USER_HOME>\AppData\Roaming\Unreal Engine\AutomationTool\Logs\C+Program+Files+Epic+Games+UE_5.8\UBA-DiscGolfTourEditor-Win64-Development_2.txt
Determining max actions to execute in parallel (8 physical cores, 16 logical cores)
  Executing up to 8 processes, one per physical core
Using 'git status' to determine working set for adaptive non-unity build (C:\DGTour).
Creating makefile for DiscGolfTourEditor (no existing makefile)
Creating makefile for DiscGolfTour (no existing makefile)
UbaServer - Listening on 0.0.0.0:1345
Building DiscGolfTour and DiscGolfTourEditor...
===== Toolchain Information =====
DiscGolfTour Win64 Development:
  Using ISPC compiler (C:\Program Files\Epic Games\UE_5.8\Engine\Source\ThirdParty\Intel\ISPC\bin\Windows\ispc.exe)
    Intel(r) Implicit SPMD Program Compiler (Intel(r) ISPC), 1.24.0 (build commit  @ 20250404, LLVM 18.1.2)
  Using Visual Studio 14.44.35228 toolchain (C:\Program Files (x86)\Microsoft Visual Studio\2022\BuildTools\VC\Tools\MSVC\14.44.35207) and Windows 10.0.26100.0 SDK (C:\Program Files (x86)\Windows Kits\10).
  [Adaptive Build] Excluded from DiscGolfCharacterFramework unity file: DiscGolfAvatarBackendComponent.cpp, DiscGolfBagComponent.cpp, DiscGolfPlayabilityLibrary.cpp, DiscGolfPlayabilityMonitorComponent.cpp
  [Adaptive Build] Excluded from DiscGolfTour unity file: DevCourseBootstrap.cpp, DiscBagComponent.cpp, DiscFlightComponent.cpp, DiscGolfAIPlannerAdapter.cpp, DiscGolfBuiltInEnvironmentProvider.cpp, DiscGolfCameraViewContract.cpp, DiscGolfCareerSubsystem.cpp, DiscGolfCharacterCreatorWidget.cpp, DiscGolfCharacterRigUnits.cpp, DiscGolfCompetitionRuntime.cpp, DiscGolfCourseDefinition.cpp, DiscGolfCoursePresentationDefinition.cpp, DiscGolfEnvironmentController.cpp, DiscGolferPawn.cpp, DiscGolfFullCharacterRuntime.cpp, DiscGolfHUD.cpp, DiscGolfInputConfig.cpp, DiscGolfMetaHumanAvatarBackendComponent.cpp, DiscGolfMetaHumanOutfitRequiredBonesComponent.cpp, DiscGolfMetaHumanRetargetAnimInstance.cpp, DiscGolfPlayerExperience.cpp, DiscGolfPresentationAudioRouterComponent.cpp, DiscGolfPresentationMath.cpp, DiscGolfQualityAdapter.cpp, DiscGolfRoundFlowPresentation.cpp, DiscGolfRoundFlowWidget.cpp, DiscGolfRuntimeCookManifest.cpp, DiscGolfSession14AISmokeRunner.cpp, DiscGolfSession15VerticalSliceContract.cpp, DiscGolfSession15VerticalSliceRunner.cpp, DiscGolfSession16CorePlayabilityContract.cpp, DiscGolfSession7FullCharacterSmokeRunner.cpp, DiscGolfSession7FullCharacterVisualCaptureRunner.cpp, DiscGolfSession8BMetaHumanPackagedRunner.cpp, DiscGolfSession8CookClosureRunner.cpp, DiscGolfTourGameInstance.cpp, DiscGolfTourGameMode.cpp, DiscGolfTourPlayerController.cpp, DiscReplayActor.cpp, DiscThrowLabSubsystem.cpp, DiscTrajectorySubsystem.cpp, ThrowControllerComponent.cpp, DiscEquipmentSession11Tests.cpp, DiscGolfAvatarBackendRuntimeTests.cpp, DiscGolfBrandLicenseTests.cpp, DiscGolfBuiltInEnvironmentProviderTests.cpp, DiscGolfCharacterProfileRuntimeTests.cpp, DiscGolfCourseDefinitionTests.cpp, DiscGolfFullCharacterRuntimeTests.cpp, DiscGolfInputTests.cpp, DiscGolfMetaHumanRetargetPolicyTests.cpp, DiscGolfOutfitRuntimeTests.cpp, DiscGolfQualityAdapterTests.cpp, DiscGolfRuntimeCookManifestTests.cpp, DiscGolfSaveSchemaTests.cpp, DiscGolfSession10EnvironmentContractTests.cpp, DiscGolfSession12AudioRouterTests.cpp, DiscGolfSession12CameraReplayTests.cpp, DiscGolfSession12InputUiTests.cpp, DiscGolfSession12PresentationContractTests.cpp, DiscGolfSession13CourseJsonTests.cpp, DiscGolfSession14AITests.cpp, DiscGolfSession14CompetitionCareerTests.cpp, DiscGolfSession14SmokeFoundationTests.cpp, DiscGolfSession15VerticalSliceTests.cpp, DiscGolfSession16CorePlayabilityTests.cpp, DiscGolfSession17RoundFlowUiTests.cpp, DiscGolfSession18ProvenanceTests.cpp, DiscThrowLabSession11Tests.cpp
DiscGolfTourEditor Win64 Development:
  Using ISPC compiler (C:\Program Files\Epic Games\UE_5.8\Engine\Source\ThirdParty\Intel\ISPC\bin\Windows\ispc.exe)
    Intel(r) Implicit SPMD Program Compiler (Intel(r) ISPC), 1.24.0 (build commit  @ 20250404, LLVM 18.1.2)
  Using Visual Studio 14.44.35228 toolchain (C:\Program Files (x86)\Microsoft Visual Studio\2022\BuildTools\VC\Tools\MSVC\14.44.35207) and Windows 10.0.26100.0 SDK (C:\Program Files (x86)\Windows Kits\10).
  [Adaptive Build] Excluded from DiscGolfTourEditor unity file: DiscGolfCourseAuthoringActors.cpp, DiscGolfCourseAuthoringExporter.cpp, DiscGolfCourseAuthoringPcgAdapter.cpp, DiscGolfCourseAuthoringValidation.cpp, DiscGolfEnvironmentAssetBinder.cpp, DiscGolfSession8BMetaHumanUtility.cpp, DiscGolfCourseAuthoringActorsTests.cpp, DiscGolfCourseAuthoringExporterTests.cpp, DiscGolfCourseAuthoringPcgAdapterTests.cpp, DiscGolfCourseAuthoringValidationTests.cpp, DiscGolfEnvironmentAssetBinderTests.cpp, DiscGolfSession13CourseAuthoringFixtureTests.cpp
  [Adaptive Build] Excluded from DiscGolfTour unity file: DevCourseBootstrap.cpp, DiscBagComponent.cpp, DiscFlightComponent.cpp, DiscGolfAIPlannerAdapter.cpp, DiscGolfBuiltInEnvironmentProvider.cpp, DiscGolfCameraViewContract.cpp, DiscGolfCareerSubsystem.cpp, DiscGolfCharacterCreatorWidget.cpp, DiscGolfCharacterRigUnits.cpp, DiscGolfCompetitionRuntime.cpp, DiscGolfCourseDefinition.cpp, DiscGolfCoursePresentationDefinition.cpp, DiscGolfEnvironmentController.cpp, DiscGolferPawn.cpp, DiscGolfFullCharacterRuntime.cpp, DiscGolfHUD.cpp, DiscGolfInputConfig.cpp, DiscGolfMetaHumanAvatarBackendComponent.cpp, DiscGolfMetaHumanOutfitRequiredBonesComponent.cpp, DiscGolfMetaHumanRetargetAnimInstance.cpp, DiscGolfPlayerExperience.cpp, DiscGolfPresentationAudioRouterComponent.cpp, DiscGolfPresentationMath.cpp, DiscGolfQualityAdapter.cpp, DiscGolfRoundFlowPresentation.cpp, DiscGolfRoundFlowWidget.cpp, DiscGolfRuntimeCookManifest.cpp, DiscGolfSession14AISmokeRunner.cpp, DiscGolfSession15VerticalSliceContract.cpp, DiscGolfSession15VerticalSliceRunner.cpp, DiscGolfSession16CorePlayabilityContract.cpp, DiscGolfSession7FullCharacterSmokeRunner.cpp, DiscGolfSession7FullCharacterVisualCaptureRunner.cpp, DiscGolfSession8BMetaHumanPackagedRunner.cpp, DiscGolfSession8CookClosureRunner.cpp, DiscGolfTourGameInstance.cpp, DiscGolfTourGameMode.cpp, DiscGolfTourPlayerController.cpp, DiscReplayActor.cpp, DiscThrowLabSubsystem.cpp, DiscTrajectorySubsystem.cpp, ThrowControllerComponent.cpp, DiscEquipmentSession11Tests.cpp, DiscGolfAvatarBackendRuntimeTests.cpp, DiscGolfBrandLicenseTests.cpp, DiscGolfBuiltInEnvironmentProviderTests.cpp, DiscGolfCharacterProfileRuntimeTests.cpp, DiscGolfCourseDefinitionTests.cpp, DiscGolfFullCharacterRuntimeTests.cpp, DiscGolfInputTests.cpp, DiscGolfMetaHumanRetargetPolicyTests.cpp, DiscGolfOutfitRuntimeTests.cpp, DiscGolfQualityAdapterTests.cpp, DiscGolfRuntimeCookManifestTests.cpp, DiscGolfSaveSchemaTests.cpp, DiscGolfSession10EnvironmentContractTests.cpp, DiscGolfSession12AudioRouterTests.cpp, DiscGolfSession12CameraReplayTests.cpp, DiscGolfSession12InputUiTests.cpp, DiscGolfSession12PresentationContractTests.cpp, DiscGolfSession13CourseJsonTests.cpp, DiscGolfSession14AITests.cpp, DiscGolfSession14CompetitionCareerTests.cpp, DiscGolfSession14SmokeFoundationTests.cpp, DiscGolfSession15VerticalSliceTests.cpp, DiscGolfSession16CorePlayabilityTests.cpp, DiscGolfSession17RoundFlowUiTests.cpp, DiscGolfSession18ProvenanceTests.cpp, DiscThrowLabSession11Tests.cpp
  [Adaptive Build] Excluded from DiscGolfCharacterFramework unity file: DiscGolfAvatarBackendComponent.cpp, DiscGolfBagComponent.cpp, DiscGolfPlayabilityLibrary.cpp, DiscGolfPlayabilityMonitorComponent.cpp
=================================
Using Unreal Build Accelerator local executor to run 200 action(s)
  CPU 8 physical cores, 16 logical cores
  Memory 15.05 GB physical, 25.8 GB/57.99 GB committed
  UBA Storage capacity 40 GB
** For DiscGolfTour-Win64-Development **
[1/200] Copy DiscGolfTour-Default.rc2
** For DiscGolfTourEditor-Win64-Development **
[2/200] Compile Resource [x64] Default.rc2
[3/200] Compile Resource [x64] Default.rc2
** For DiscGolfTour-Win64-Development **
[4/200] Compile Resource [x64] DiscGolfTour-Default.rc2
** For DiscGolfTourEditor-Win64-Development **
[5/200] Compile Resource [x64] Default.rc2
** For DiscGolfTour-Win64-Development **
[6/200] Compile [x64] SharedPCH.Engine.Project.ValApi.ValExpApi.Cpp20.cpp
[7/200] Compile [x64] DiscGolfBrandLicenseTests.cpp
[8/200] Compile [x64] DiscGolfAIPlannerAdapter.cpp
[9/200] Compile [x64] DiscEquipmentSession11Tests.cpp
[10/200] Compile [x64] DiscBagComponent.cpp
[11/200] Compile [x64] DiscGolfAvatarBackendRuntimeTests.cpp
[12/200] Compile [x64] DiscFlightComponent.cpp
[13/200] Compile [x64] DevCourseBootstrap.cpp
[14/200] Compile [x64] DiscGolfBuiltInEnvironmentProviderTests.cpp
[15/200] Compile [x64] DiscGolfCameraViewContract.cpp
[16/200] Compile [x64] DiscGolfBuiltInEnvironmentProvider.cpp
[17/200] Compile [x64] DiscGolfCareerSubsystem.cpp
[18/200] Compile [x64] DiscGolfCharacterProfileRuntimeTests.cpp
[19/200] Compile [x64] DiscGolfCompetitionRuntime.cpp
[20/200] Compile [x64] DiscGolfCourseDefinitionTests.cpp
[21/200] Compile [x64] DiscGolfCoursePresentationDefinition.cpp
[22/200] Compile [x64] DiscGolfCourseDefinition.cpp
[23/200] Compile [x64] DiscGolfCharacterCreatorWidget.cpp
** For DiscGolfTourEditor-Win64-Development **
[24/200] Compile [x64] SharedPCH.UnrealEd.Project.ValApi.ValExpApi.Cpp20.cpp
** For DiscGolfTour-Win64-Development **
[25/200] Compile [x64] DiscGolfFullCharacterRuntime.cpp
[26/200] Compile [x64] DiscGolfEnvironmentController.cpp
[27/200] Compile [x64] DiscGolfFullCharacterRuntimeTests.cpp
[28/200] Compile [x64] DiscGolfCharacterRigUnits.cpp
[29/200] Compile [x64] DiscGolfInputConfig.cpp
** For DiscGolfTourEditor-Win64-Development **
[30/200] Compile [x64] DiscGolfAvatarBackendComponent.cpp
[31/200] Compile [x64] DiscGolfBagComponent.cpp
** For DiscGolfTour-Win64-Development **
[32/200] Compile [x64] DiscGolfHUD.cpp
** For DiscGolfTourEditor-Win64-Development **
[33/200] Compile [x64] DiscGolfPlayabilityLibrary.cpp
[34/200] Compile [x64] DiscGolfPlayabilityMonitorComponent.cpp
[35/200] Compile [x64] DiscBagComponent.cpp
[36/200] Compile [x64] DiscEquipmentSession11Tests.cpp
[37/200] Compile [x64] DiscFlightComponent.cpp
[38/200] Compile [x64] DiscGolfAIPlannerAdapter.cpp
[39/200] Compile [x64] DiscGolfAvatarBackendRuntimeTests.cpp
[40/200] Compile [x64] DevCourseBootstrap.cpp
[41/200] Compile [x64] DiscGolfBrandLicenseTests.cpp
[42/200] Compile [x64] DiscGolfBuiltInEnvironmentProvider.cpp
[43/200] Compile [x64] DiscGolfBuiltInEnvironmentProviderTests.cpp
[44/200] Compile [x64] DiscGolfCameraViewContract.cpp
[45/200] Compile [x64] Module.DiscGolfCharacterFramework.cpp
[46/200] Link [x64] UnrealEditor-DiscGolfCharacterFramework.lib
[47/200] Compile [x64] DiscGolfCareerSubsystem.cpp
[48/200] Link [x64] UnrealEditor-DiscGolfCharacterFramework.dll
[49/200] Compile [x64] DiscGolfCharacterProfileRuntimeTests.cpp
[50/200] Compile [x64] DiscGolfCompetitionRuntime.cpp
[51/200] Compile [x64] DiscGolfCourseDefinitionTests.cpp
[52/200] Compile [x64] DiscGolfCourseDefinition.cpp
[53/200] Compile [x64] DiscGolfCoursePresentationDefinition.cpp
[54/200] Compile [x64] DiscGolfCharacterCreatorWidget.cpp
[55/200] Compile [x64] DiscGolfFullCharacterRuntime.cpp
[56/200] Compile [x64] DiscGolfCharacterRigUnits.cpp
[57/200] Compile [x64] DiscGolfFullCharacterRuntimeTests.cpp
[58/200] Compile [x64] DiscGolfInputConfig.cpp
[59/200] Compile [x64] DiscGolfEnvironmentController.cpp
[60/200] Compile [x64] DiscGolfInputTests.cpp
[61/200] Compile [x64] DiscGolfHUD.cpp
[62/200] Compile [x64] DiscGolfMetaHumanOutfitRequiredBonesComponent.cpp
[63/200] Compile [x64] DiscGolfOutfitRuntimeTests.cpp
[64/200] Compile [x64] DiscGolfPlayerExperience.cpp
[65/200] Compile [x64] DiscGolfMetaHumanRetargetPolicyTests.cpp
[66/200] Compile [x64] DiscGolfMetaHumanRetargetAnimInstance.cpp
[67/200] Compile [x64] DiscGolfPresentationMath.cpp
[68/200] Compile [x64] DiscGolfPresentationAudioRouterComponent.cpp
[69/200] Compile [x64] DiscGolfQualityAdapter.cpp
[70/200] Compile [x64] DiscGolfQualityAdapterTests.cpp
[71/200] Compile [x64] DiscGolfRoundFlowPresentation.cpp
[72/200] Compile [x64] DiscGolfRuntimeCookManifestTests.cpp
[73/200] Compile [x64] DiscGolfRuntimeCookManifest.cpp
[74/200] Compile [x64] DiscGolfSaveSchemaTests.cpp
[75/200] Compile [x64] DiscGolfRoundFlowWidget.cpp
[76/200] Compile [x64] DiscGolfSession12AudioRouterTests.cpp
[77/200] Compile [x64] DiscGolfSession12CameraReplayTests.cpp
[78/200] Compile [x64] DiscGolfSession12InputUiTests.cpp
[79/200] Compile [x64] DiscGolfSession12PresentationContractTests.cpp
[80/200] Compile [x64] DiscGolfMetaHumanAvatarBackendComponent.cpp
[81/200] Compile [x64] DiscGolfSession10EnvironmentContractTests.cpp
[82/200] Compile [x64] DiscGolfSession13CourseJsonTests.cpp
[83/200] Compile [x64] DiscGolfSession14AITests.cpp
[84/200] Compile [x64] DiscGolfSession14AISmokeRunner.cpp
[85/200] Compile [x64] DiscGolfSession14CompetitionCareerTests.cpp
[86/200] Compile [x64] DiscGolfSession14SmokeFoundationTests.cpp
[87/200] Compile [x64] DiscGolfSession15VerticalSliceContract.cpp
[88/200] Compile [x64] DiscGolfSession16CorePlayabilityContract.cpp
[89/200] Compile [x64] DiscGolfSession15VerticalSliceTests.cpp
[90/200] Compile [x64] DiscGolfSession15VerticalSliceRunner.cpp
[91/200] Compile [x64] DiscGolfSession16CorePlayabilityTests.cpp
[92/200] Compile [x64] DiscGolfSession18ProvenanceTests.cpp
[93/200] Compile [x64] DiscGolfSession17RoundFlowUiTests.cpp
[94/200] Compile [x64] DiscGolfSession7FullCharacterSmokeRunner.cpp
[95/200] Compile [x64] DiscGolfTourGameInstance.cpp
[96/200] Compile [x64] DiscGolfSession7FullCharacterVisualCaptureRunner.cpp
[97/200] Compile [x64] DiscReplayActor.cpp
[98/200] Compile [x64] DiscGolferPawn.cpp
[99/200] Compile [x64] DiscGolfTourPlayerController.cpp
[100/200] Compile [x64] DiscThrowLabSession11Tests.cpp
[101/200] Compile [x64] DiscThrowLabSubsystem.cpp
[102/200] Compile [x64] DiscGolfTourGameMode.cpp
[103/200] Compile [x64] DiscTrajectorySubsystem.cpp
[104/200] Compile [x64] DiscGolfSession8CookClosureRunner.cpp
[105/200] Compile [x64] Module.DiscGolfTour.2.cpp
[106/200] Compile [x64] Module.DiscGolfTour.3.cpp
[107/200] Compile [x64] Module.DiscGolfTour.5.cpp
[108/200] Compile [x64] Module.DiscGolfTour.6.cpp
[109/200] Compile [x64] DiscGolfSession8BMetaHumanPackagedRunner.cpp
[110/200] Compile [x64] ThrowControllerComponent.cpp
[111/200] Compile [x64] Module.DiscGolfTour.4.cpp
[112/200] Compile [x64] Module.DiscGolfTour.8.cpp
[113/200] Compile [x64] Module.DiscGolfTour.1.cpp
[114/200] Compile [x64] DiscGolfCourseAuthoringActors.cpp
[115/200] Compile [x64] DiscGolfCourseAuthoringActorsTests.cpp
[116/200] Compile [x64] DiscGolfCourseAuthoringExporter.cpp
[117/200] Compile [x64] DiscGolfCourseAuthoringPcgAdapter.cpp
[118/200] Compile [x64] DiscGolfCourseAuthoringExporterTests.cpp
[119/200] Compile [x64] DiscGolfCourseAuthoringPcgAdapterTests.cpp
[120/200] Compile [x64] Module.DiscGolfTour.7.cpp
[121/200] Compile [x64] DiscGolfCourseAuthoringValidationTests.cpp
[122/200] Link [x64] UnrealEditor-DiscGolfTour.lib
[123/200] Compile [x64] DiscGolfCourseAuthoringValidation.cpp
[124/200] Compile [x64] DiscGolfEnvironmentAssetBinderTests.cpp
[125/200] Link [x64] UnrealEditor-DiscGolfTour.dll
[126/200] Compile [x64] DiscGolfHoleAuthoringUtilityTests.cpp
[127/200] Compile [x64] DiscGolfHoleAuthoringUtility.cpp
[128/200] Compile [x64] DiscGolfSession13CourseAuthoringFixtureTests.cpp
[129/200] Compile [x64] DiscGolfEnvironmentAssetBinder.cpp
[130/200] Compile [x64] DiscGolfTourEditor.cpp
[131/200] Compile [x64] DiscGolfSession3AssetUtility.cpp
[132/200] Compile [x64] Module.DiscGolfTourEditor.gen.cpp
[133/200] Compile [x64] PerModuleInline.gen.cpp
[134/200] Compile [x64] DiscGolfSession5MocapUtility.cpp
** For DiscGolfTour-Win64-Development **
[135/200] Compile [x64] DiscGolfInputTests.cpp
[136/200] Compile [x64] DiscGolfMetaHumanOutfitRequiredBonesComponent.cpp
[137/200] Compile [x64] DiscGolfMetaHumanRetargetPolicyTests.cpp
[138/200] Compile [x64] DiscGolfMetaHumanRetargetAnimInstance.cpp
** For DiscGolfTourEditor-Win64-Development **
[139/200] Compile [x64] DiscGolfSession4AssetUtility.cpp
[140/200] Compile [x64] DiscGolfSession8BMetaHumanUtility.cpp
[141/200] Link [x64] UnrealEditor-DiscGolfTourEditor.lib
** For DiscGolfTour-Win64-Development **
[142/200] Compile [x64] DiscGolfOutfitRuntimeTests.cpp
[143/200] Compile [x64] DiscGolfPlayerExperience.cpp
** For DiscGolfTourEditor-Win64-Development **
[144/200] Link [x64] UnrealEditor-DiscGolfTourEditor.dll
** For DiscGolfTour-Win64-Development **
[145/200] Compile [x64] DiscGolfQualityAdapter.cpp
[146/200] Compile [x64] DiscGolfPresentationMath.cpp
** For DiscGolfTourEditor-Win64-Development **
[147/200] WriteMetadata DiscGolfTourEditor.target [NoUba]
** For DiscGolfTour-Win64-Development **
[148/200] Compile [x64] DiscGolfPresentationAudioRouterComponent.cpp
[149/200] Compile [x64] DiscGolfQualityAdapterTests.cpp
[150/200] Compile [x64] DiscGolfRoundFlowPresentation.cpp
[151/200] Compile [x64] DiscGolfRuntimeCookManifestTests.cpp
[152/200] Compile [x64] DiscGolfRuntimeCookManifest.cpp
[153/200] Compile [x64] DiscGolfSaveSchemaTests.cpp
[154/200] Compile [x64] DiscGolfRoundFlowWidget.cpp
[155/200] Compile [x64] DiscGolfSession12AudioRouterTests.cpp
[156/200] Compile [x64] DiscGolfSession12CameraReplayTests.cpp
[157/200] Compile [x64] DiscGolfSession12InputUiTests.cpp
[158/200] Compile [x64] DiscGolfSession10EnvironmentContractTests.cpp
[159/200] Compile [x64] DiscGolfSession12PresentationContractTests.cpp
[160/200] Compile [x64] DiscGolfSession13CourseJsonTests.cpp
[161/200] Compile [x64] DiscGolfMetaHumanAvatarBackendComponent.cpp
[162/200] Compile [x64] DiscGolfSession14AITests.cpp
[163/200] Compile [x64] DiscGolfSession14CompetitionCareerTests.cpp
[164/200] Compile [x64] DiscGolfSession14AISmokeRunner.cpp
[165/200] Compile [x64] DiscGolfSession15VerticalSliceContract.cpp
[166/200] Compile [x64] DiscGolfSession14SmokeFoundationTests.cpp
[167/200] Compile [x64] DiscGolfSession15VerticalSliceTests.cpp
[168/200] Compile [x64] DiscGolfSession15VerticalSliceRunner.cpp
[169/200] Compile [x64] DiscGolfSession16CorePlayabilityContract.cpp
[170/200] Compile [x64] DiscGolfSession16CorePlayabilityTests.cpp
[171/200] Compile [x64] DiscGolfSession18ProvenanceTests.cpp
[172/200] Compile [x64] DiscGolfSession17RoundFlowUiTests.cpp
[173/200] Compile [x64] DiscGolfSession7FullCharacterSmokeRunner.cpp
[174/200] Compile [x64] DiscGolfTourGameInstance.cpp
[175/200] Compile [x64] DiscGolfSession7FullCharacterVisualCaptureRunner.cpp
[176/200] Compile [x64] DiscReplayActor.cpp
[177/200] Compile [x64] DiscThrowLabSession11Tests.cpp
[178/200] Compile [x64] DiscThrowLabSubsystem.cpp
[179/200] Compile [x64] DiscGolferPawn.cpp
[180/200] Compile [x64] DiscGolfTourPlayerController.cpp
[181/200] Compile [x64] DiscGolfTourGameMode.cpp
[182/200] Compile [x64] DiscTrajectorySubsystem.cpp
[183/200] Compile [x64] DiscGolfSession8CookClosureRunner.cpp
[184/200] Compile [x64] Module.DiscGolfTour.2.cpp
[185/200] Compile [x64] Module.DiscGolfTour.3.cpp
[186/200] Compile [x64] Module.DiscGolfTour.5.cpp
[187/200] Compile [x64] Module.DiscGolfTour.4.cpp
[188/200] Compile [x64] Module.DiscGolfTour.8.cpp
[189/200] Compile [x64] Module.DiscGolfTour.6.cpp
[190/200] Compile [x64] DiscGolfSession8BMetaHumanPackagedRunner.cpp
[191/200] Compile [x64] ThrowControllerComponent.cpp
[192/200] Compile [x64] DiscGolfBagComponent.cpp
[193/200] Compile [x64] DiscGolfPlayabilityLibrary.cpp
[194/200] Compile [x64] DiscGolfPlayabilityMonitorComponent.cpp
[195/200] Compile [x64] Module.DiscGolfTour.1.cpp
[196/200] Compile [x64] DiscGolfAvatarBackendComponent.cpp
[197/200] Compile [x64] Module.DiscGolfTour.7.cpp
[198/200] Compile [x64] Module.DiscGolfCharacterFramework.cpp
[199/200] Link [x64] DiscGolfTour.exe
[200/200] WriteMetadata DiscGolfTour.target [NoUba]

Total time in Unreal Build Accelerator local executor: 211.23 seconds
Output binary: C:\DGTour\Binaries\Win64\DiscGolfTour.exe
Output binary: C:\Program Files\Epic Games\UE_5.8\Engine\Binaries\Win64\UnrealEditor.exe

Result: Succeeded
Total execution time: 216.15 seconds
Trace written to file <USER_HOME>\AppData\Local\UnrealBuildTool\Trace.uba with size 76.4kb
Took 216.61s to run dotnet.exe, ExitCode=0
************************* UnrealBuild:
************************* UseXGE: False
Build products *******
No build products were made
End Build products *******
Build command time: 218.44 s
********** BUILD COMMAND COMPLETED **********
********** COOK COMMAND STARTED **********
Looking for targets for project C:\DGTour\DiscGolfTour.uproject
Searching for target rule files in C:/DGTour
Found 2 target rule files:
  C:\DGTour\Source\DiscGolfTour.Target.cs
  C:\DGTour\Source\DiscGolfTourEditor.Target.cs
Targets DLL <USER_HOME>\AppData\Local\Temp\UAT\C+Program+Files+Epic+Games+UE_5.8\Rules\UATRules-2c565c8f70d5d6d4530e8694bb6b7534.dll is up to date.
Compiling targets DLL: <USER_HOME>\AppData\Local\Temp\UAT\C+Program+Files+Epic+Games+UE_5.8\Rules\UATRules-2c565c8f70d5d6d4530e8694bb6b7534.dll
Creating target rules object: DiscGolfTourTarget
Adding target: DiscGolfTourTarget (Game)
Creating target rules object: DiscGolfTourEditorTarget
Adding target: DiscGolfTourEditorTarget (Editor)
Loading ini files for C:\DGTour\DiscGolfTour.uproject
Cleaning cooked data.
Running UnrealEditor Cook for project C:\DGTour\DiscGolfTour.uproject
Commandlet log file is C:\Program Files\Epic Games\UE_5.8\Engine\Programs\AutomationTool\Saved\Cook-2026.08.24-17.47.54.txt
SafeFileExists C:\Program Files\Epic Games\UE_5.8\Engine\Binaries\Win64\UnrealEditor-Cmd.exe=True
Running: C:\Program Files\Epic Games\UE_5.8\Engine\Binaries\Win64\UnrealEditor-Cmd.exe "C:\DGTour\DiscGolfTour.uproject" -run=Cook  -TargetPlatform=Windows  -unversioned -fileopenlog -abslog="C:\Program Files\Epic Games\UE_5.8\Engine\Programs\AutomationTool\Saved\Cook-2026.08.24-17.47.54.txt" -stdout -CrashForUAT -unattended -NoLogTimes
LogInit: Display: Running engine for game: DiscGolfTour
LogCore: Display: Requested channels: 'cpu,gpu,frame,log,bookmark,screenshot,region'
LogTrace: Display: Control listening on port 1985
LogCsvProfiler: Display: Metadata set : platform="Windows"
LogCsvProfiler: Display: Metadata set : config="Development"
LogCsvProfiler: Display: Metadata set : buildversion="++UE5+Release-5.8-CL-56057345"
LogCsvProfiler: Display: Metadata set : engineversion="5.8.1-56057345+++UE5+Release-5.8"
LogCsvProfiler: Display: Metadata set : enginereleaseversion="5.8.1"
LogCsvProfiler: Display: Metadata set : os="Windows 11 (25H2) [10.0.26200.8875] "
LogCsvProfiler: Display: Metadata set : cpu="AuthenticAMD|AMD Ryzen 7 8745HX with Radeon Graphics"
LogCsvProfiler: Display: Metadata set : pgoenabled="0"
LogCsvProfiler: Display: Metadata set : pgoprofilingenabled="0"
LogCsvProfiler: Display: Metadata set : ltoenabled="0"
LogCsvProfiler: Display: Metadata set : asan="0"
LogCsvProfiler: Display: Metadata set : mergedmodules="0"
LogCsvProfiler: Display: Metadata set : compacttset="0"
LogCsvProfiler: Display: Metadata set : commandline="" C:\DGTour\DiscGolfTour.uproject -run=Cook -TargetPlatform=Windows -unversioned -fileopenlog -abslog="C:\Program Files\Epic Games\UE_5.8\Engine\Programs\AutomationTool\Saved\Cook-2026.08.24-17.47.54.txt" -stdout -CrashForUAT -unattended -NoLogTimes""
LogCsvProfiler: Display: Metadata set : loginid="ddad923c4e47a3564bbcacb1d09e66cf"
LogCsvProfiler: Display: Metadata set : llm="0"
LogCsvProfiler: Display: Metadata set : zenstreaming="0"
LogCsvProfiler: Display: Metadata set : systemresolution.resx="1280"
LogCsvProfiler: Display: Metadata set : systemresolution.resy="720"
LogConfig: Display: Loading VulkanPC ini files took 0.05 seconds
LogConfig: Display: Loading Mac ini files took 0.05 seconds
LogConfig: Display: Loading IOS ini files took 0.05 seconds
LogConfig: Display: Loading Android ini files took 0.05 seconds
LogConfig: Display: Loading TVOS ini files took 0.06 seconds
LogConfig: Display: Loading Unix ini files took 0.06 seconds
LogAudio: Display: Audio Device Manager not initializing due to all audio being disabled. If this is not intentional, please check command line arguments for "-nosound".
LogConfig: Display: Loading Windows ini files took 0.06 seconds
LogConfig: Display: Loading VisionOS ini files took 0.06 seconds
LogAssetRegistry: Display: FindShardedCacheFiles: 1 via .ref, 0 via migration fallback, 1 total
LogConfig: Display: Loading Linux ini files took 0.07 seconds
LogAssetRegistry: Display: CleanupOrphanedCacheFiles (PreLoad): 1 .ref files found, 1 referenced binaries
LogAssetRegistry: Display: CleanupOrphanedCacheFiles: 1 total binaries, 1 referenced (kept), 0 old-style pre-migration (kept), 0 orphans deleted, 0 orphans locked (kept)
LogAssetRegistry: Display: LoadCacheFiles: loading 1 cache files, memory-mapping=enabled
Running UnrealBuildTool: dotnet "..\..\Engine\Binaries\DotNET\UnrealBuildTool\UnrealBuildTool.dll" -Mode=ValidatePlatforms -OutputSDKs  -AllPlatforms  -project="C:/DGTour/DiscGolfTour.uproject" -log="C:/DGTour/Saved/Logs/AutoSDKInfo.txt" -verbose -timestamps
LogAssetRegistry: Display: Asset registry cache read as 132.0 MiB from ../../../../../../DGTour/Intermediate/CachedAssetRegistry/CachedAssetRegistry_0_292E5C9247DBB3C32DB3E1A82F3D1BD3.bin (memory-mapped=yes)
Log file: C:\DGTour\Saved\Logs\AutoSDKInfo.txt
##PlatformValidate: Win64 VALID 10.0.22621.0
##PlatformValidate: Mac INVALID 26.1.1
##PlatformValidate: IOS INVALID 26.1.1
##PlatformValidate: Android INVALID r27c
##PlatformValidate: Linux INVALID v26_clang-20.1.8-rockylinux8
##PlatformValidate: LinuxArm64 INVALID <UNKNOWN>
##PlatformValidate: TVOS INVALID 26.1.1
##PlatformValidate: VisionOS INVALID <UNKNOWN>
Unable to find required SDK version 'MainVersion' for platform LinuxArm64. Check your SDK.json files
Unable to find required SDK version 'MainVersion' for platform VisionOS. Check your SDK.json files
Trace written to file <USER_HOME>\AppData\Local\UnrealBuildTool\Trace.uba with size 319b
LogAsyncCompilation: Display: MemorySharingInfo: UsedMemory=329MiB, MaxMemoryAvailable=59382MiB
RenderDocPlugin: Display: RenderDoc plugin will not be loaded. Use '-AttachRenderDoc' on the cmd line or enable 'renderdoc.AutoAttach' in the plugin settings.
LogAnalytics: Display: Provider StudioTelemetry.Provider.Log is disabled for this application
LogAnalytics: Display: Provider StudioTelemetry.Provider.CSV is disabled for this application
LogAnalytics: Display: Provider StudioTelemetry.Provider.Horde is disabled for this application
LogAnalytics: Display: Provider StudioTelemetry.Provider.Log is disabled for this application
LogAnalytics: Display: Provider StudioTelemetry.Provider.CSV is disabled for this application
LogAnalytics: Display: Provider StudioTelemetry.Provider.Horde is disabled for this application
LogStreaming: Display: AsyncLoading2 - Created: Async Loading Thread: false, Async Post Load: false, Multithreaded: false
LogHAL: Display: Platform has ~ 16 GB [16163020800 / 17179869184 / 16], which maps to Larger [LargestMinGB=32, LargerMinGB=12, DefaultMinGB=8, SmallerMinGB=6, SmallestMinGB=0)
LogCsvProfiler: Display: Metadata set : extradevelopmentmemorymb="0"
LogObj: Display: Attempting to load config data for Default__DownlinkBandwidthManagerConfig before the Class has been constructed/registered/linked (likely during module loading or early startup). This will result in the load silently failing and should be fixed.
LogTextureFormatASTC: Display: ASTCEnc version 5.0.1 library loaded
LogTextureFormatManager: Display: Loaded Base TextureFormat: TextureFormatASTC
LogTextureFormatManager: Display: Loaded Base TextureFormat: TextureFormatDXT
LogTextureFormatManager: Display: Loaded Base TextureFormat: TextureFormatETC2
LogTextureFormatManager: Display: Loaded Base TextureFormat: TextureFormatIntelISPCTexComp
LogTextureFormatOodle: Display: Oodle Texture TFO init; latest sdk version = 2.9.16
LogTextureFormatOodle: Display: Oodle Texture loading DLL: oo2tex_win64_2.9.16.dll
LogTextureFormatManager: Display: Loaded Base TextureFormat: TextureFormatOodle
LogTextureFormatManager: Display: Loaded Base TextureFormat: TextureFormatUncompressed
LogTargetPlatformManager: Display: Failed to SetupSDK for platform 'Android'
LogTargetPlatformManager: Display: Failed to SetupSDK for platform 'IOS'
LogTargetPlatformManager: Display: Failed to SetupSDK for platform 'Linux'
LogTargetPlatformManager: Display: Failed to SetupSDK for platform 'Mac'
LogTargetPlatformManager: Display: Failed to SetupSDK for platform 'TVOS'
LogTargetPlatformManager: Display: Loaded TargetPlatform 'Windows'
LogTargetPlatformManager: Display: Loaded TargetPlatform 'WindowsEditor'
LogTargetPlatformManager: Display: Loaded TargetPlatform 'WindowsServer'
LogTargetPlatformManager: Display: Loaded TargetPlatform 'WindowsClient'
LogTargetPlatformManager: Display: Building Assets For Windows
LogAudioDebug: Display: Lib vorbis DLL was dynamically loaded.
LogObj: Display: Attempting to load config data for Default__SlateThemeManager before the Class has been constructed/registered/linked (likely during module loading or early startup). This will result in the load silently failing and should be fixed.
LogCsvProfiler: Display: Metadata set : verbatimrhiname="Null"
LogCsvProfiler: Display: Metadata set : rhiname="Null"
LogCsvProfiler: Display: Metadata set : rhifeaturelevel="SM6"
LogCsvProfiler: Display: Metadata set : shaderplatform="PCD3D_SM6"
LogCsvProfiler: Display: Metadata set : gpu=""
LogCsvProfiler: Display: Metadata set : gpudriver=""
LogDerivedDataCache: Display: ../../../Engine/DerivedDataCache/Compressed.ddp: Opened pak cache for reading. (1670 MiB)
LogZenServiceInstance: Display: Launching zen utility 'C:/Program Files/Epic Games/UE_5.8/Engine/Binaries/Win64/zen.exe service status'.
LogZenServiceInstance: Display: Writing plugin version info to '<USER_HOME>/AppData/Local/UnrealEngine/Common/Zen/Install/zen_plugin_versions.json'
LogZenServiceInstance: Display: Read zen version cache file from '<USER_HOME>/AppData/Local/UnrealEngine/5.8/Saved/Zen/zen.version', version: '5.8.13-202605190912-windows-x64-release-094f62c2'
LogZenServiceInstance: Display: Read zen version cache file from '<USER_HOME>/AppData/Local/UnrealEngine/Common/Zen/Install/zen.version', version: '5.8.13-202605190912-windows-x64-release-094f62c2'
LogZenServiceInstance: Display: Installed service at '<USER_HOME>/AppData/Local/UnrealEngine/Common/Zen/Install/zenserver.exe' is up to date
LogZenServiceInstance: Display: Launching executable '<USER_HOME>/AppData/Local/UnrealEngine/Common/Zen/Install/zenserver.exe', working dir '<USER_HOME>/AppData/Local/UnrealEngine/Common/Zen/Install', data dir '<USER_HOME>/AppData/Local/UnrealEngine/Common/Zen/Data', args '--port 8558 --data-dir <USER_HOME>\AppData\Local\UnrealEngine\Common\Zen\Data --http asio --gc-cache-duration-seconds 1209600 --gc-interval-seconds 21600 --gc-low-diskspace-threshold 2147483648 --cache-bucket-limit-overwrites --quiet --restrict-content-types --allow-external-oidctoken-exe=false --plugins-config "<USER_HOME>/AppData/Local/UnrealEngine/Common/Zen/Install/zen_plugins_v1.json" --security-config-path "<USER_HOME>/AppData/Local/UnrealEngine/Common/Zen/Install/security-config.json" --owner-pid 14164  --child-id Zen_14164_Startup'
LogZenServiceInstance: Display: Unreal Zen Storage Server HTTP service at http://[::1]:8558 status: OK!.
LogDerivedDataCache: Display: ZenLocal: Using ZenServer HTTP service at [::1] with namespace ue.ddc. Status: OK!.
LogDerivedDataCache: Display: <USER_HOME>/AppData/Local/UnrealEngine/Common/DerivedDataCache: Performance: Latency=0.26ms. RandomReadSpeed=191.82MBs, RandomWriteSpeed=188.67MBs. Assigned SpeedClass 'Local'
LogUbaHorde: Display: UBA/Horde Configuration [Uba.Provider.Horde]: Not Enabled
LogShaderCompilers: Display: No distributed shader compiler controller found
LogShaderCompilers: Display: Using 13 local workers for shader compilation
LogShaderCompilers: Display: Compiling shader autogen file: ../../../../../../DGTour/Intermediate/ShaderAutogen/PCD3D_SM6/AutogenShaderHeaders.ush
LogShaderCompilers: Display: Autogen file is unchanged, skipping write.
LogEditorDomain: Display: EditorDomain is Disabled
LogAssetRegistry: Display: AssetDataGatherer spent 0.001s loading caches from ../../../../../../DGTour/Intermediate/CachedAssetRegistry.
LogDeviceProfileManager: Display: Deviceprofile LinuxArm64Editor not found.
LogDeviceProfileManager: Display: Deviceprofile LinuxArm64 not found.
LogCsvProfiler: Display: Metadata set : deviceprofile="WindowsEditor"
LogStreaming: Display: FlushAsyncLoading(1): 1 QueuedPackages, 0 AsyncPackages
LogTextureEncodingSettings: Display: Texture Encode Speed: Final (cook).
LogTextureEncodingSettings: Display: Oodle Texture Encode Speed settings: Fast: RDO Off Lambda=0, Effort=Normal Final: RDO Off Lambda=0, Effort=Normal
LogTextureEncodingSettings: Display: Shared linear texture encoding: Disabled
LogMeshReduction: Display: Using QuadricMeshReduction for automatic static mesh reduction
LogMeshReduction: Display: Using SkeletalMeshReduction for automatic skeletal mesh reduction
LogMeshReduction: Display: Using ProxyLODMeshReduction for automatic mesh merging
LogMeshReduction: Display: No distributed automatic mesh merging module available
LogShaderCompilers: Display: Compiling shader autogen file: ../../../../../../DGTour/Intermediate/ShaderAutogen/PCD3D_SM5/AutogenShaderHeaders.ush
LogShaderCompilers: Display: Autogen file is unchanged, skipping write.
LogVirtualization: Display: VirtualizationSystem name found in ini file: None
LogVirtualization: Display: FNullVirtualizationSystem mounted, virtualization will be disabled
LogWorldPartition: Display: FWorldPartitionClassDescRegistry::Initialize started...
LogWorldPartition: Display: FWorldPartitionClassDescRegistry::Initialize took 14.637 ms
LogMetaSound: Display: MetaSound Page Target Initialized to 'Default'
LogAudio: Display: Registering Engine Module Parameter Interfaces...
LogLiveLinkHub: Display: LiveLinkHubModule::StartupModule - LiveLinkHub instance will not be created. (Config: 0)
LogAsyncCompilation: Display: BEWARE: AssetCompile memory estimate is greater than available, but we're running it [SkinnedAsset] anyway! RequiredMemory = 0.000 MiB + 4608.000 MiB, MemoryLimit = 3627.722656 MiB
LogAsyncCompilation: Display: BEWARE: AssetCompile memory estimate is greater than available, but we're running it [SkinnedAsset] anyway! RequiredMemory = 0.000 MiB + 4608.000 MiB, MemoryLimit = 3624.316406 MiB
LogAsyncCompilation: Display: BEWARE: AssetCompile memory estimate is greater than available, but we're running it [SkinnedAsset] anyway! RequiredMemory = 0.000 MiB + 4608.000 MiB, MemoryLimit = 3630.375 MiB
LogAsyncCompilation: Display: BEWARE: AssetCompile memory estimate is greater than available, but we're running it [SkinnedAsset] anyway! RequiredMemory = 0.000 MiB + 4608.000 MiB, MemoryLimit = 3630.378906 MiB
LogAudioCaptureCore: Display: No Audio Capture implementations found. Audio input will be silent.
LogAudioCaptureCore: Display: No Audio Capture implementations found. Audio input will be silent.
LogCsvProfiler: Display: Metadata set : largeworldcoordinates="1"
LogCsvProfiler: Display: Metadata set : raytracing="0"
LogCook: Display: CookProcessCount=1. CookMultiprocess is disabled and the cooker is running as a single process.
LogCook: Display: CookSettings for Memory:
	MemoryMaxUsedVirtual 0MiB
	MemoryMaxUsedPhysical 0MiB
	MemoryMinFreeVirtual 2048MiB
	MemoryMinFreePhysical 2048MiB
	MemoryTriggerGCAtPressureLevel None
	SoftGCMemoryUseTrigger disabled
	SoftGCTimeBudgetTrigger enabled (0.05 budget, 30s min period)
LogCook: Display: SkipOnlyEditorOnly is enabled, unsolicited packages will not be cooked unless they are referenced from the cooked version of the instigator package.
LogCook: Display: ---- Pre Content Initialisation: End ----
LogCook: Display: ---- Post Content Initialisation: Start ----
LogEditorDomain: Display: Cycle detected in parents of class /Script/RigVMDeveloper.RigVMUnitNode. Allow flags for editordomain and incremental cooking will be invalid.
LogEditorDomain: Display: Cycle detected in parents of class /Script/LiveLinkGraphNode.K2Node_EvaluateLiveLinkFrameWithSpecificRole. Allow flags for editordomain and incremental cooking will be invalid.
LogZenStore: Display: Establishing oplog 'DiscGolfTour.20bba5d6/EditorDomain'
LogZenStore: Display: Zen project 'DiscGolfTour.20bba5d6' already exists
LogZenStore: Display: Zen oplog 'DiscGolfTour.20bba5d6/EditorDomain' already exists
LogCook: Display: Waiting for Asset Registry
LogAssetRegistry: Display: Starting OnFilesLoaded.Broadcast
LogAssetRegistry: Display: Completed OnFilesLoaded.Broadcast: 0.047s
LogAssetRegistry: Display: Asset registry cache written as 132.0 MiB to ../../../../../../DGTour/Intermediate/CachedAssetRegistry/CachedAssetRegistry_*.ref
LogAssetRegistry: Display: CleanupOrphanedCacheFiles (PostWrite): 1 .ref files found, 1 referenced binaries
LogAssetRegistry: Display:   CachedAssetRegistry_0_292E5C9247DBB3C32DB3E1A82F3D1BD3.bin: deleted (orphaned, unreferenced by any .ref)
LogAssetRegistry: Display: CleanupOrphanedCacheFiles: 2 total binaries, 1 referenced (kept), 0 old-style pre-migration (kept), 1 orphans deleted, 0 orphans locked (kept)
LogAssetRegistry: Display: CleanupOrphanedCacheFiles (PostWrite): 1 .ref files found, 1 referenced binaries
LogAssetRegistry: Display: CleanupOrphanedCacheFiles: 1 total binaries, 1 referenced (kept), 0 old-style pre-migration (kept), 0 orphans deleted, 0 orphans locked (kept)
LogCook: Display: INCREMENTAL COOK DEPENDENCIES: Enabled. Incremental Cook Dependencies are enabled in Editor.ini:[CookSettings]:LegacyIterative=false.
LogZenStore: Display: Establishing oplog 'DiscGolfTour.20bba5d6/Windows'
LogZenStore: Display: Zen project 'DiscGolfTour.20bba5d6' already exists
LogStorageServerPlatformFile: Display: Found 'C:/DGTour/Saved/Cooked/Windows/ue.projectstore'
LogStorageServerPlatformFile: Display: Using connection settings from ue.projectstore: HostAddrs='[::1]+192.168.1.16' and HostPort='8558'
LogStorageServerPlatformFile: Display: Found 'C:/DGTour/Saved/Cooked/Windows/ue.projectstore'
LogStorageServerPlatformFile: Display: Using password authentication from ue.projectstore
LogStorageServerPlatformFile: Display: Using settings from ue.projectstore: ServerProject='DiscGolfTour.20bba5d6' and ServerPlatform='Windows'
LogStorageServerConnection: Display: Creating zen store connection to [::1]:8558 ("::1").
LogStorageServerConnection: Display: Zen store connection established to [::1]:8558.
LogCook: Display: CalculateGlobalDependenciesHash(Windows):
LogCook: Display: 	FGuid CookIncrementalVersion = ffa12fdc-c822-1fe2-7757-627a12f1d3a7
LogCook: Display: 	[Editor]:CookSettings.ProjectCookIncrementalVersion = 00000000-0000-0000-0000-000000000000
LogCook: Display: 	[Engine]:Core.System.CanStripEditorOnlyExportsAndImports = True
LogCook: Display: 	[Engine]:Core.System.CanSkipEditorReferencedPackagesWhenCooking = False
LogCook: Display: 	CanUseUnversionedPropertySerialization = True
LogCook: Display: 	[Editor]:CookSettings.AutomaticOptionalInclusionAssetType = /Script/Niagara.NiagaraScript, /Script/Niagara.NiagaraEmitter, /Script/Niagara.NiagaraSystem, /Script/NiagaraEditor.NiagaraParameterDefinitions, /Script/Niagara.NiagaraEffectType, /Script/Niagara.NiagaraValidationRuleSet, /Script/OptimusCore.OptimusDeformer
LogCook: Display: 	IsCookFlagSet(ECookInitializationFlags::Unversioned) = True
LogCook: Display: 	FCoreRedirects::AppendHashOfGlobalRedirects = 17f35e9ff1fb6e40cac425e116dcc221aee019db6271a6fd3a1972cbe02b393e
LogCook: Display: 	GlobalDependenciesHash(Windows) = 8c10201ee70501ed12cd31314eb8d9256a2786cb012ebd13e3056afa6644655a
LogCook: Display: FULL COOK: Incremental Cooks are disabled by default in Editor.ini:[CookSettings]:CookIncrementalDefaultIncremental=false, and commandline did not specify -forcerecook=false. Deleting previously cooked packages for platform Windows and recooking all packages discovered in the current cook.
LogZenStore: Display: Deleting oplog 'DiscGolfTour.20bba5d6/Windows' if it exists
LogZenStoreWriter: Display: Deleting C:/DGTour/Saved/Cooked/Windows/...
LogZenStore: Display: Zen oplog 'DiscGolfTour.20bba5d6/Windows' created
LogCook: Display: Sandbox cleanup took 0.061 seconds for platforms Windows
LogCook: Display: Compiling global changed shaders for platform 'Windows'
LogShaderLibrary: Display:
LogShaderLibrary: Display: Shader Library 'Global' (PCD3D_SM6-PCD3D_SM6) Stats:
LogShaderLibrary: Display: =================
LogShaderLibrary: Display: Assets: 1, Unique Shadermaps: 498 (49800.00%)
LogShaderLibrary: Display: Total Shaders: 8987, Unique Shaders: 8985 (99.98%)
LogShaderLibrary: Display: Total Shader Size: 106.79mb, Unique Shaders Size: 106.79mb (100.00%)
LogShaderLibrary: Display: === Extended info:
LogShaderLibrary: Display: Minimum number of shaders in shadermap: 1
LogShaderLibrary: Display: Median number of shaders in shadermap: 3
LogShaderLibrary: Display: Maximum number of shaders in shadermap: 530
LogShaderLibrary: Display: Number of shadermaps referencing top 10 most shared shaders:
LogShaderLibrary: Display:     2, 2, 1, 1, 1, 1, 1, 1, 1, 1
LogShaderLibrary: Display: Unique shaders itemization (sorted by compressed size):
LogShaderLibrary: Display: SF_Compute: 6756 shaders (75.19%), compressed size: 83.94 MB (12.72 KB avg per shader), uncompressed size: 110.68 MB (16.78 KB avg per shader)
LogShaderLibrary: Display: SF_Pixel: 2078 shaders (23.13%), compressed size: 22.45 MB (11.06 KB avg per shader), uncompressed size: 29.48 MB (14.53 KB avg per shader)
LogShaderLibrary: Display: SF_Vertex: 147 shaders (1.64%), compressed size: 0.39 MB (2.71 KB avg per shader), uncompressed size: 0.48 MB (3.38 KB avg per shader)
LogShaderLibrary: Display: SF_Geometry: 3 shaders (0.03%), compressed size: 0.01 MB (2.15 KB avg per shader), uncompressed size: 0.01 MB (3.31 KB avg per shader)
LogShaderLibrary: Display: SF_WorkGraphComputeNode: 1 shaders (0.01%), compressed size: 0.00 MB (2.75 KB avg per shader), uncompressed size: 0.00 MB (3.35 KB avg per shader)
LogShaderLibrary: Display: Textual dump saved to '../../../../../../DGTour/Saved/Shaders/PCD3D_SM6-PCD3D_SM6/ShaderDebug-Global-PCD3D_SM6-PCD3D_SM6/Dump.txt'
LogShaderLibrary: Display: =================
LogShaderLibrary: Display:
LogShaderLibrary: Display: Shader Library 'Global' (PCD3D_SM5-PCD3D_SM5) Stats:
LogShaderLibrary: Display: =================
LogShaderLibrary: Display: Assets: 1, Unique Shadermaps: 381 (38100.00%)
LogShaderLibrary: Display: Total Shaders: 4417, Unique Shaders: 4401 (99.64%)
LogShaderLibrary: Display: Total Shader Size: 12.81mb, Unique Shaders Size: 12.81mb (99.95%)
LogShaderLibrary: Display: === Extended info:
LogShaderLibrary: Display: Minimum number of shaders in shadermap: 1
LogShaderLibrary: Display: Median number of shaders in shadermap: 2
LogShaderLibrary: Display: Maximum number of shaders in shadermap: 309
LogShaderLibrary: Display: Number of shadermaps referencing top 10 most shared shaders:
LogShaderLibrary: Display:     3, 3, 3, 2, 2, 2, 2, 2, 2, 2
LogShaderLibrary: Display: Unique shaders itemization (sorted by compressed size):
LogShaderLibrary: Display: SF_Pixel: 1788 shaders (40.63%), compressed size: 6.72 MB (3.85 KB avg per shader), uncompressed size: 31.79 MB (18.21 KB avg per shader)
LogShaderLibrary: Display: SF_Compute: 2490 shaders (56.58%), compressed size: 6.01 MB (2.47 KB avg per shader), uncompressed size: 23.27 MB (9.57 KB avg per shader)
LogShaderLibrary: Display: SF_Vertex: 121 shaders (2.75%), compressed size: 0.07 MB (0.61 KB avg per shader), uncompressed size: 0.15 MB (1.31 KB avg per shader)
LogShaderLibrary: Display: SF_Geometry: 2 shaders (0.05%), compressed size: 0.00 MB (0.49 KB avg per shader), uncompressed size: 0.00 MB (1.55 KB avg per shader)
LogShaderLibrary: Display: Textual dump saved to '../../../../../../DGTour/Saved/Shaders/PCD3D_SM5-PCD3D_SM5/ShaderDebug-Global-PCD3D_SM5-PCD3D_SM5/Dump.txt'
LogShaderLibrary: Display: =================
LogCook: Display: Discovering localized assets for cultures: en
LogCook: Display: Found 0 localized assets
LogCook: Display: ---- Post Content Initialisation: End ----
LogCook: Display: Cooked packages 0 Packages Remain 891 Total 891
LogCook: Display: Cook Diagnostics: OpenFileHandles=300, VirtualMemory=1700MiB, VirtualMemoryAvailable=32710MiB
LogCook: Display: Garbage collection triggered (Soft). Triggered by conditions:
  CookSettings.SoftGCTimeTrigger: Periodic triggering of SoftGC: No duration data.
LogCookCommandlet: Display: GarbageCollection... (Periodic GC)
LogCook: Display: Cooked packages 24 Packages Remain 967 Total 991
LogTextureFormatOodle: Display: Oodle Texture loading DLL: oo2tex_win64_2.9.7.dll
LogCook: Display: Cooked packages 128 Packages Remain 864 Total 992
LogCook: Display: Cooked packages 288 Packages Remain 704 Total 992
LogMaterial: Display: Missing cached shadermap for /Game/Presentation/Course/PineRidge/Materials/M_PineRidgeTerrain.M_PineRidgeTerrain in PCD3D_SM6, Default, SM6, Game (DDC key hash: f5174f3261b7f63931b515314bad906d6da52b06), compiling.
LogMaterial: Display: Missing cached shadermap for /Game/Presentation/Course/PineRidge/Materials/M_PineRidgeRock.M_PineRidgeRock in PCD3D_SM6, Default, SM6, Game (DDC key hash: b552a497189c9a8932e58d4cb16af17eb6bd7640), compiling.
LogMaterial: Display: Missing cached shadermap for /Game/Presentation/Course/PineRidge/Materials/M_PineRidgeBark.M_PineRidgeBark in PCD3D_SM6, Default, SM6, Game (DDC key hash: 302e7c4decb3a1a1f3265479e8b56266de4cc4aa), compiling.
LogMaterial: Display: Missing cached shadermap for /Game/Presentation/Course/PineRidge/Materials/M_PineRidgeTerrain.M_PineRidgeTerrain in PCD3D_SM5, Default, SM5, Game (DDC key hash: 4ce66b26240308565af27e02c09ac3e62be4f888), compiling.
LogAsyncCompilation: Display: BEWARE: AssetCompile memory estimate is greater than available, but we're running it [SkinnedAsset] anyway! RequiredMemory = 0.000 MiB + 4608.000 MiB, MemoryLimit = 4508.722656 MiB
LogAsyncCompilation: Display: BEWARE: AssetCompile memory estimate is greater than available, but we're running it [SkinnedAsset] anyway! RequiredMemory = 0.000 MiB + 4608.000 MiB, MemoryLimit = 4508.722656 MiB
LogAsyncCompilation: Display: BEWARE: AssetCompile memory estimate is greater than available, but we're running it [SkinnedAsset] anyway! RequiredMemory = 0.000 MiB + 4608.000 MiB, MemoryLimit = 4508.707031 MiB
LogAsyncCompilation: Display: BEWARE: AssetCompile memory estimate is greater than available, but we're running it [SkinnedAsset] anyway! RequiredMemory = 0.000 MiB + 4608.000 MiB, MemoryLimit = 4508.707031 MiB
LogAsyncCompilation: Display: BEWARE: AssetCompile memory estimate is greater than available, but we're running it [SkinnedAsset] anyway! RequiredMemory = 0.000 MiB + 4608.000 MiB, MemoryLimit = 4508.636719 MiB
LogAsyncCompilation: Display: BEWARE: AssetCompile memory estimate is greater than available, but we're running it [SkinnedAsset] anyway! RequiredMemory = 0.000 MiB + 4608.000 MiB, MemoryLimit = 4508.636719 MiB
LogAsyncCompilation: Display: BEWARE: AssetCompile memory estimate is greater than available, but we're running it [SkinnedAsset] anyway! RequiredMemory = 0.000 MiB + 4608.000 MiB, MemoryLimit = 4508.628906 MiB
LogAsyncCompilation: Display: BEWARE: AssetCompile memory estimate is greater than available, but we're running it [SkinnedAsset] anyway! RequiredMemory = 0.000 MiB + 4608.000 MiB, MemoryLimit = 4508.628906 MiB
LogTextureFormatOodle: Display: Oodle Texture loading DLL: oo2tex_win64_2.9.8.dll
LogMaterial: Display: Missing cached shadermap for /Game/Presentation/Course/PineRidge/Materials/M_PineRidgeFairwayBlend.M_PineRidgeFairwayBlend in PCD3D_SM6, Default, SM6, Game (DDC key hash: 93d90758ae1cc0734ddce5a3576ba50f4cec8a91), compiling.
LogMaterial: Display: Missing cached shadermap for /Game/Presentation/Course/PineRidge/Materials/M_PineRidgeNeedles.M_PineRidgeNeedles in PCD3D_SM6, Default, SM6, Game (DDC key hash: 45354bf8fec09daf2150d49642fd1c266865382d), compiling.
LogMaterial: Display: Missing cached shadermap for /Game/Presentation/Course/PineRidge/Materials/M_PineRidgeBrush.M_PineRidgeBrush in PCD3D_SM6, Default, SM6, Game (DDC key hash: 55666479b997198f84bc673f3e766472d04d2bd2), compiling.
LogMaterial: Display: Missing cached shadermap for /Game/Presentation/Course/PineRidge/Materials/M_PineRidgeSignWood.M_PineRidgeSignWood in PCD3D_SM6, Default, SM6, Game (DDC key hash: aba0d3aba4f3a271f4d5493df47d1b108554671d), compiling.
LogAsyncCompilation: Display: BEWARE: AssetCompile memory estimate is greater than available, but we're running it [SkinnedAsset] anyway! RequiredMemory = 0.000 MiB + 4608.000 MiB, MemoryLimit = 4427.863281 MiB
LogAsyncCompilation: Display: BEWARE: AssetCompile memory estimate is greater than available, but we're running it [SkinnedAsset] anyway! RequiredMemory = 0.000 MiB + 4608.000 MiB, MemoryLimit = 4427.863281 MiB
LogAsyncCompilation: Display: BEWARE: AssetCompile memory estimate is greater than available, but we're running it [SkinnedAsset] anyway! RequiredMemory = 0.000 MiB + 4608.000 MiB, MemoryLimit = 4427.792969 MiB
LogAsyncCompilation: Display: BEWARE: AssetCompile memory estimate is greater than available, but we're running it [SkinnedAsset] anyway! RequiredMemory = 0.000 MiB + 4608.000 MiB, MemoryLimit = 4427.792969 MiB
LogAsyncCompilation: Display: BEWARE: AssetCompile memory estimate is greater than available, but we're running it [SkinnedAsset] anyway! RequiredMemory = 0.000 MiB + 4608.000 MiB, MemoryLimit = 4427.34375 MiB
LogAsyncCompilation: Display: BEWARE: AssetCompile memory estimate is greater than available, but we're running it [SkinnedAsset] anyway! RequiredMemory = 0.000 MiB + 4608.000 MiB, MemoryLimit = 4427.34375 MiB
LogAsyncCompilation: Display: BEWARE: AssetCompile memory estimate is greater than available, but we're running it [SkinnedAsset] anyway! RequiredMemory = 0.000 MiB + 4608.000 MiB, MemoryLimit = 4427.234375 MiB
LogAsyncCompilation: Display: BEWARE: AssetCompile memory estimate is greater than available, but we're running it [SkinnedAsset] anyway! RequiredMemory = 0.000 MiB + 4608.000 MiB, MemoryLimit = 4427.234375 MiB
LogAsyncCompilation: Display: BEWARE: AssetCompile memory estimate is greater than available, but we're running it [SkinnedAsset] anyway! RequiredMemory = 0.000 MiB + 4608.000 MiB, MemoryLimit = 4427.230469 MiB
LogAsyncCompilation: Display: BEWARE: AssetCompile memory estimate is greater than available, but we're running it [SkinnedAsset] anyway! RequiredMemory = 0.000 MiB + 4608.000 MiB, MemoryLimit = 4427.230469 MiB
LogMaterial: Display: Missing cached shadermap for /Game/Presentation/Course/PineRidge/Materials/M_PineRidgeRock.M_PineRidgeRock in PCD3D_SM5, Default, SM5, Game (DDC key hash: f954f4be4d390e5946a5383241b13f39cfe398ef), compiling.
LogMaterial: Display: Missing cached shadermap for /Game/Presentation/Course/PineRidge/Materials/M_PineRidgeBark.M_PineRidgeBark in PCD3D_SM5, Default, SM5, Game (DDC key hash: 5c6c37efb0798caef3ed614274504b805ba892e8), compiling.
LogMaterial: Display: Missing cached shadermap for /Game/Presentation/Course/PineRidge/Materials/M_PineRidgeNeedles.M_PineRidgeNeedles in PCD3D_SM5, Default, SM5, Game (DDC key hash: 61a3a56b483cf93f60b099b9a15563e9594bedd9), compiling.
LogMaterial: Display: Missing cached shadermap for /Game/Presentation/Course/PineRidge/Materials/M_PineRidgeBrush.M_PineRidgeBrush in PCD3D_SM5, Default, SM5, Game (DDC key hash: ace64a37336a09cf478b54bbc10e8a3fa739e087), compiling.
LogMaterial: Display: Missing cached shadermap for /Game/Presentation/Course/PineRidge/Materials/M_PineRidgeSignWood.M_PineRidgeSignWood in PCD3D_SM5, Default, SM5, Game (DDC key hash: 37d3c09f8b164856b594162a848d69c3770f91de), compiling.
LogMaterial: Display: Missing cached shadermap for /Game/Presentation/Course/PineRidge/Materials/M_PineRidgeFairwayBlend.M_PineRidgeFairwayBlend in PCD3D_SM5, Default, SM5, Game (DDC key hash: 483c0e843c72d02b90959c50a26c03f80b8430eb), compiling.
LogMaterial: Display: Missing cached shadermap for /Game/Presentation/Course/PineRidge/Materials/M_PineRidgeLeafLitter.M_PineRidgeLeafLitter in PCD3D_SM6, Default, SM6, Game (DDC key hash: 8e15bf5b1ea98e86079a14fb8da8d4506205c217), compiling.
LogMaterial: Display: Missing cached shadermap for /Game/Presentation/Course/PineRidge/Materials/M_PineRidgeGrassBlade.M_PineRidgeGrassBlade in PCD3D_SM6, Default, SM6, Game (DDC key hash: f79a01daebeed7deb40b5b7d606706bafbf4fdb3), compiling.
LogMaterial: Display: Missing cached shadermap for /Game/Presentation/Course/PineRidge/Materials/M_PineRidgeTrailBlend.M_PineRidgeTrailBlend in PCD3D_SM6, Default, SM6, Game (DDC key hash: 87379234b5c2bafaed5ee7e4447c459c1952d36d), compiling.
LogTextureFormatOodle: Display: Oodle Texture loading DLL: oo2tex_win64_2.9.12.dll
LogMaterial: Display: Missing cached shadermap for /Game/Presentation/Course/PineRidge/Materials/M_PineRidgeLeafLitter.M_PineRidgeLeafLitter in PCD3D_SM5, Default, SM5, Game (DDC key hash: aba0129a6337816ed5af6ff46eebf372be970002), compiling.
LogMaterial: Display: Missing cached shadermap for /Game/Presentation/Course/PineRidge/Materials/M_PineRidgeGrassBlade.M_PineRidgeGrassBlade in PCD3D_SM5, Default, SM5, Game (DDC key hash: a1e8b95758cc55cff5a048bd00f5b44d7146dec0), compiling.
LogMaterial: Display: Missing cached shadermap for /Game/Presentation/Course/PineRidge/Materials/M_PineRidgeTrailBlend.M_PineRidgeTrailBlend in PCD3D_SM5, Default, SM5, Game (DDC key hash: d80bd251858f0f9f078a76023de30cc0e913cf7e), compiling.
LogMaterial: Display: Missing cached shadermap for /Game/Presentation/Course/PineRidge/Materials/M_GalleryLakeWater.M_GalleryLakeWater in PCD3D_SM6, Default, SM6, Game (DDC key hash: 07d46b15d752cb59e16f023f341815ae280d9be7), compiling.
LogMaterial: Display: Missing cached shadermap for /Game/Presentation/Course/PineRidge/Materials/M_GalleryLakeWater.M_GalleryLakeWater in PCD3D_SM5, Default, SM5, Game (DDC key hash: 96cea3a151115740eb82d3b133dc45f1a0ad3972), compiling.
LogCook: Display: Cooked packages 554 Packages Remain 438 Total 992
LogCook: Display: Cooked packages 576 Packages Remain 416 Total 992
LogTextureFormatOodle: Display: Oodle Texture loading DLL: oo2tex_win64_2.9.13.dll
LogTextureFormatOodle: Display: Oodle Texture loading DLL: oo2tex_win64_2.9.15.dll
LogTextureFormatOodle: Display: Oodle Texture loading DLL: oo2tex_win64_2.9.11.dll
LogAsyncCompilation: Display: BEWARE: AssetCompile memory estimate is greater than available, but we're running it [TextureDerivedData] anyway! RequiredMemory = 0.000 MiB + 4289.000 MiB, MemoryLimit = 4068.09375 MiB
LogAsyncCompilation: Display: BEWARE: AssetCompile memory estimate is greater than available, but we're running it [TextureDerivedData] anyway! RequiredMemory = 0.000 MiB + 4289.000 MiB, MemoryLimit = 4069.933594 MiB
LogAsyncCompilation: Display: BEWARE: AssetCompile memory estimate is greater than available, but we're running it [TextureDerivedData] anyway! RequiredMemory = 0.000 MiB + 4481.000 MiB, MemoryLimit = 3878.601562 MiB
LogAsyncCompilation: Display: BEWARE: AssetCompile memory estimate is greater than available, but we're running it [TextureDerivedData] anyway! RequiredMemory = 0.000 MiB + 4481.000 MiB, MemoryLimit = 3879.101562 MiB
LogCook: Display: Cooked packages 969 Packages Remain 23 Total 992
LogCook: Display: Cooked packages 992 Packages Remain 0 Total 992
LogCook: Display: Cook Diagnostics: OpenFileHandles=6101, VirtualMemory=4350MiB, VirtualMemoryAvailable=28059MiB
LogCook: Display: ---- Finalisation: Start ----
LogCook: Display: CookArtifact 'C:/DGTour/Saved/Cooked/Windows/DiscGolfTour/Metadata/ValidationCookArtifact.json' saved.
LogAssetRegistryGenerator: Display: Saving asset registry v24.
LogAssetRegistryGenerator: Display: Generated development asset registry C:/DGTour/Saved/Cooked/Windows/DiscGolfTour/Metadata/DevelopmentAssetRegistry.bin num assets 1008, size is 1009.29kb, XxHash64[LE] = 0xC6D84282951AC570, waited on hash 0.00 seconds
LogAssetRegistryGenerator: Display: Generated asset registry num assets 1001, size is 497.02kb
LogShaderLibrary: Display:
LogShaderLibrary: Display: Shader Library 'DiscGolfTour' (PCD3D_SM6-PCD3D_SM6) Stats:
LogShaderLibrary: Display: =================
LogShaderLibrary: Display: Assets: 169, Unique Shadermaps: 181 (107.10%)
LogShaderLibrary: Display: Total Shaders: 4595, Unique Shaders: 2987 (65.01%)
LogShaderLibrary: Display: Total Shader Size: 41.64mb, Unique Shaders Size: 31.13mb (74.77%)
LogShaderLibrary: Display: === Extended info:
LogShaderLibrary: Display: Minimum number of shaders in shadermap: 1
LogShaderLibrary: Display: Median number of shaders in shadermap: 14
LogShaderLibrary: Display: Maximum number of shaders in shadermap: 984
LogShaderLibrary: Display: Number of shadermaps referencing top 10 most shared shaders:
LogShaderLibrary: Display:     63, 56, 36, 33, 33, 28, 26, 25, 18, 18
LogShaderLibrary: Display: Unique shaders itemization (sorted by compressed size):
LogShaderLibrary: Display: SF_Pixel: 1447 shaders (48.44%), compressed size: 12.35 MB (8.74 KB avg per shader), uncompressed size: 16.26 MB (11.51 KB avg per shader)
LogShaderLibrary: Display: SF_Compute: 651 shaders (21.79%), compressed size: 12.04 MB (18.94 KB avg per shader), uncompressed size: 16.06 MB (25.27 KB avg per shader)
LogShaderLibrary: Display: SF_Vertex: 762 shaders (25.51%), compressed size: 5.55 MB (7.46 KB avg per shader), uncompressed size: 7.42 MB (9.98 KB avg per shader)
LogShaderLibrary: Display: SF_Mesh: 127 shaders (4.25%), compressed size: 1.19 MB (9.60 KB avg per shader), uncompressed size: 1.44 MB (11.61 KB avg per shader)
LogShaderLibrary: Display: Textual dump saved to '../../../../../../DGTour/Saved/Shaders/PCD3D_SM6-PCD3D_SM6/ShaderDebug-DiscGolfTour-PCD3D_SM6-PCD3D_SM6/Dump.txt'
LogShaderLibrary: Display: =================
LogShaderLibrary: Display:
LogShaderLibrary: Display: Shader Library 'DiscGolfTour' (PCD3D_SM5-PCD3D_SM5) Stats:
LogShaderLibrary: Display: =================
LogShaderLibrary: Display: Assets: 169, Unique Shadermaps: 180 (106.51%)
LogShaderLibrary: Display: Total Shaders: 3160, Unique Shaders: 1851 (58.58%)
LogShaderLibrary: Display: Total Shader Size: 8.46mb, Unique Shaders Size: 5.54mb (65.52%)
LogShaderLibrary: Display: === Extended info:
LogShaderLibrary: Display: Minimum number of shaders in shadermap: 1
LogShaderLibrary: Display: Median number of shaders in shadermap: 9
LogShaderLibrary: Display: Maximum number of shaders in shadermap: 476
LogShaderLibrary: Display: Number of shadermaps referencing top 10 most shared shaders:
LogShaderLibrary: Display:     63, 33, 33, 29, 28, 28, 24, 18, 16, 16
LogShaderLibrary: Display: Unique shaders itemization (sorted by compressed size):
LogShaderLibrary: Display: SF_Pixel: 1162 shaders (62.78%), compressed size: 3.73 MB (3.29 KB avg per shader), uncompressed size: 13.22 MB (11.65 KB avg per shader)
LogShaderLibrary: Display: SF_Vertex: 639 shaders (34.52%), compressed size: 1.69 MB (2.71 KB avg per shader), uncompressed size: 5.17 MB (8.28 KB avg per shader)
LogShaderLibrary: Display: SF_Compute: 50 shaders (2.70%), compressed size: 0.12 MB (2.53 KB avg per shader), uncompressed size: 0.49 MB (10.13 KB avg per shader)
LogShaderLibrary: Display: Textual dump saved to '../../../../../../DGTour/Saved/Shaders/PCD3D_SM5-PCD3D_SM5/ShaderDebug-DiscGolfTour-PCD3D_SM5-PCD3D_SM5/Dump.txt'
LogShaderLibrary: Display: =================
LogCook: Display: Dependent plugin "UAF" referenced by "IK Rig" wasn't found in enabled plugins list when creating cook metadata file... skipping
LogCook: Display: Dependent plugin "UAFAnimGraph" referenced by "IK Rig" wasn't found in enabled plugins list when creating cook metadata file... skipping
LogCook: Display: Dependent plugin "MetaHumanCoreML" referenced by "MetaHuman Core Tech" wasn't found in enabled plugins list when creating cook metadata file... skipping
LogCook: Display: Dependent plugin "SteamShared" referenced by "EOS Shared" wasn't found in enabled plugins list when creating cook metadata file... skipping
LogCook: Display: Finalize package store(s)...
LogZenStoreWriter: Display: Flushing...
LogZenStoreWriter: Display: Saving Zen filesystem manifest 'C:/DGTour/Saved/Cooked/Windows/DiscGolfTour/Metadata/zenfs.manifest'
LogZenStoreWriter: Display: Output:	53537 Public runtime script objects
LogCook: Display: Cook by the book total time in tick 20.164548s total time 27.237997
LogCook: Display: Peak Used virtual 4526 MiB Peak Used physical 4332 MiB
LogCook: Display: Packages Cooked: 985, Packages Incrementally Skipped: 0, Packages Skipped by Platform: 7, Total Packages: 992
LogCookStats: Display: Hierarchy Timer Information:
LogCookStats: Display:   Root: 0.000s (0)
LogCookStats: Display:     CleanSandbox: 0.061s (1)
LogCookStats: Display:     CollectFilesToCook: 0.008s (1)
LogCookStats: Display:       CookModificationDelegate: 0.001s (1)
LogCookStats: Display:     GenerateLongPackageName: 0.001s (1)
LogCookStats: Display:     TickMainCookLoop: 20.165s (2)
LogCookStats: Display:       PumpPollables: 0.000s (1)
LogCookStats: Display:       PumpRequests: 0.021s (31)
LogCookStats: Display:       LoadPackageForCooking: 6.863s (4354)
LogCookStats: Display:       ValidateSourcePackage: 0.000s (992)
LogCookStats: Display:       SavingPackages: 13.070s (112)
LogCookStats: Display:         PollPendingCookedPlatformDatas: 0.779s (3588)
LogCookStats: Display:         PrepareSave: 0.579s (2704)
LogCookStats: Display:         PrecachePlatformDataForNextPackage: 1.778s (990)
LogCookStats: Display:           PrepareSave: 1.778s (1254)
LogCookStats: Display:         SaveCookedPackage: 9.842s (992)
LogCookStats: Display:           GEditorSavePackage: 9.511s (992)
LogCookStats: Display:             VerifyCanCookPackage: 0.009s (985)
LogCookStats: Display:           TargetDomainDependencies: 0.193s (992)
LogCookStats: Display:         ClearAllCachedCookedPlatformData: 0.076s (992)
LogCookStats: Display:       PostLoadPackageFixup: 0.000s (1)
LogCookStats: Display:     CookByTheBookFinished: 0.568s (1)
LogCookStats: Display:       SavingCurrentIniSettings: 0.056s (1)
LogCookStats: Display:         ProcessingAccessedStrings: 0.004s (1)
LogCookStats: Display:       ChunkGeneration: 0.019s (1)
LogCookStats: Display:       FinishPopulateShaderLibrary: 0.003s (1)
LogCookStats: Display:       CalculateReferencedSet: 0.000s (1)
LogCookStats: Display:       CookArtifacts.UpdateOplogPackages: 0.014s (1)
LogCookStats: Display:       PruneShaderLibrary: 0.003s (1)
LogCookStats: Display:       GeneratorPreSave: 0.001s (1)
LogCookStats: Display:       BuildChunkManifest: 0.020s (1)
LogCookStats: Display:         FixupPackageDependenciesForChunks: 0.008s (1)
LogCookStats: Display:       SaveManifests: 0.000s (1)
LogCookStats: Display:       SaveAssetRegistry: 0.069s (1)
LogCookStats: Display:       WriteCookerOpenOrder: 0.005s (1)
LogCookStats: Display:       WriteCookMetadata: 0.002s (1)
LogCookStats: Display:       WriteReferencedSet: 0.001s (1)
LogCookStats: Display:       FinalizePackageStore: 0.250s (1)
LogCookStats: Display: Misc Cook Stats
LogCookStats: Display: ===============
LogCookStats: Display: Validation
LogCookStats: Display:     Stats=[]
LogCookStats: Display: Niagara
LogCookStats: Display:     NiagaraScriptTranslationCount=0
LogCookStats: Display:     NiagaraCpuScriptCompileCount=0
LogCookStats: Display:     NiagaraCpuScriptDdcCacheHitCount=5
LogCookStats: Display:     NiagaraCpuScriptDdcCacheMissCount=0
LogCookStats: Display:     NiagaraGpuScriptCompileCount=0
LogCookStats: Display:     NiagaraGpuScriptDdcCacheHitCount=2
LogCookStats: Display:     NiagaraGpuScriptDdcCacheMissCount=0
LogCookStats: Display:     NiagaraSystemWaitForCompilationCompleteTime=0.000022
LogCookStats: Display: OpenColorIOShader.Misc
LogCookStats: Display:     ShadersCompiled=0
LogCookStats: Display: ComputeKernelShader.Misc
LogCookStats: Display:     ShadersCompiled=0
LogCookStats: Display: NiagaraShader.Misc
LogCookStats: Display:     ShadersCompiled=0
LogCookStats: Display: ShaderCompiler
LogCookStats: Display:     BlockingTimeSec=0.000152
LogCookStats: Display:     AsyncCompileTimeSec=0.000000
LogCookStats: Display:     GlobalBeginCompileShaderTimeSec=0.054784
LogCookStats: Display:     GlobalBeginCompileShaderCalls=361
LogCookStats: Display:     ProcessAsyncResultsTimeSec=0.106225
LogCookStats: Display: GlobalShader.Misc
LogCookStats: Display:     ShadersCompiled=0
LogCookStats: Display: Material
LogCookStats: Display:     FinishCacheShadersSec=1.145253
LogCookStats: Display: Cook.Profile.Params
LogCookStats: Display:     CookProject=DiscGolfTour
LogCookStats: Display:     CookCultures=
LogCookStats: Display:     CookLabel=
LogCookStats: Display:     TargetPlatforms=Windows
LogCookStats: Display:     IsCookAll=false
LogCookStats: Display:     IsCookOnTheFly=false
LogCookStats: Display:     IsIncrementalCook=false
LogCookStats: Display:     IsIterativeCook=false
LogCookStats: Display:     IsFastCook=false
LogCookStats: Display:     IsUnversioned=true
LogCookStats: Display: CookOnTheFlyServer.Package.Load
LogCookStats: Display:     NumRequestedLoads=3414
LogCookStats: Display:     NumPackagesLoaded=3823
LogCookStats: Display:     NumInlineLoads=409
LogCookStats: Display: CookOnTheFlyServer.Package.Save
LogCookStats: Display:     NumPackagesIncrementallySkipped=0
LogCookStats: Display: CookOnTheFlyServer.QueueSize
LogCookStats: Display:     PeakRequest=991
LogCookStats: Display:     PeakLoad=96
LogCookStats: Display:     PeakSave=96
LogCookStats: Display: Package.Load
LogCookStats: Display:     LoadPackageTimeSec=7.998921
LogCookStats: Display: Package.Save
LogCookStats: Display:     NumPackagesSaved=992
LogCookStats: Display:     SavePackageTimeSec=9.434470
LogCookStats: Display:     TagPackageExportsPresaveTimeSec=0.000000
LogCookStats: Display:     TagPackageExportsTimeSec=0.000000
LogCookStats: Display:     FullyLoadLoadersTimeSec=0.000000
LogCookStats: Display:     ResetLoadersTimeSec=0.000000
LogCookStats: Display:     TagPackageExportsGetObjectsWithOuter=0.000000
LogCookStats: Display:     TagPackageExportsGetObjectsWithMarks=0.000000
LogCookStats: Display:     SerializeImportsTimeSec=0.000000
LogCookStats: Display:     SortExportsSeekfreeInnerTimeSec=0.000000
LogCookStats: Display:     SerializeExportsTimeSec=0.000000
LogCookStats: Display:     SerializeBulkDataTimeSec=0.009737
LogCookStats: Display:     AsyncWriteTimeSec=0.000000
LogCookStats: Display:     MBWritten=0.000000
LogCookStats: Display: Package.DifferentPackagesSizeMBPerAsset
LogCookStats: Display: Package.NumberOfDifferencesInPackagesPerAsset
LogCookStats: Display: Package.PackageDifferencesSizeMBPerAsset
LogCookStats: Display: Package.DiffTotal
LogCookStats: Display:     NumberOfDifferentPackages=0
LogCookStats: Display:     DifferentPackagesSizeMB=0.000000
LogCookStats: Display:     NumberOfDifferencesInPackages=0
LogCookStats: Display:     PackageDifferencesSizeMB=0.000000
LogCookStats: Display: UnversionedProperties
LogCookStats: Display:     SavedStructs=0
LogCookStats: Display:     SavedMB=0
LogCookStats: Display:     EquivalentTaggedMB=0
LogCookStats: Display:     CompressionRatio=-nan(ind)
LogCookStats: Display:     BitfieldWasteKB=0
LogCookStats: Display:
LogCookStats: Display: Cook Profile
LogCookStats: Display: ============
LogCookStats: Display:  0.CookWallTimeSec=51.952678
LogCookStats: Display:  0. 0.StartupWallTimeSec=24.424343
LogCookStats: Display:  0. 1.CookProcessingTime=27.528335
LogCookStats: Display:  0. 1. 1.StartCookByTheBookTimeSec=6.733742
LogCookStats: Display:  0. 1. 1. 0.BlockOnAssetRegistryTimeSec=1.454643
LogCookStats: Display:  0. 1. 1. 1.GameCookModificationDelegateTimeSec=0.001062
LogCookStats: Display:  0. 1. 2.TickCookOnTheSideTimeSec=1.103351
LogCookStats: Display:  0. 1. 2. 0.TickCookOnTheSideLoadPackagesTimeSec=6.863562
LogCookStats: Display:  0. 1. 2. 1.TickCookOnTheSideSaveCookedPackageTimeSec=9.842325
LogCookStats: Display:  0. 1. 2. 1. 0.TickCookOnTheSideResolveRedirectorsTimeSec=0.000000
LogCookStats: Display:  0. 1. 2. 2.TickCookOnTheSidePrepareSaveTimeSec=2.356987
LogCookStats: Display:  0. 1. 3.TickLoopGCTimeSec=0.036679
LogCookStats: Display:  0. 1. 4.TickLoopRecompileShaderRequestsTimeSec=0.000000
LogCookStats: Display:  0. 1. 5.TickLoopShaderProcessAsyncResultsTimeSec=0.000006
LogCookStats: Display:  0. 1. 6.TickLoopProcessDeferredCommandsTimeSec=0.000002
LogCookStats: Display:  0. 1. 7.TickLoopTickCommandletStatsTimeSec=0.000000
LogCookStats: Display:  0. 1. 8.TickLoopFlushRenderingCommandsTimeSec=0.000152
LogCookStats: Display:  0. 1. 9.ShaderFlushTimeSec=0.000000
LogCookStats: Display:  0. 1. 10.ValidationTimeSec=0.000271
LogCookStats: Display:
LogCookStats: Display: DDC Summary Stats
LogCookStats: Display: =================
LogCookStats: Display: BackEnd         = Installed
LogCookStats: Display: HasLocalCache   =      true
LogCookStats: Display: HasSharedCache  =     false
LogCookStats: Display: HasCloudCache   =     false
LogCookStats: Display: HasZenCache     =      true
LogCookStats: Display: TotalGetHits    =      6418
LogCookStats: Display: TotalGetMisses  =        39
LogCookStats: Display: TotalGets       =      6457
LogCookStats: Display: TotalGetHitPct  =  0.993960
LogCookStats: Display: GetMissPct      =  0.006040
LogCookStats: Display: TotalPutHits    =        39
LogCookStats: Display: TotalPutMisses  =         0
LogCookStats: Display: TotalPuts       =        39
LogCookStats: Display: TotalPutHitPct  =  1.000000
LogCookStats: Display: PutMissPct      =  0.000000
LogCookStats: Display: LocalGetHits    =      5122
LogCookStats: Display: LocalGetMisses  =        39
LogCookStats: Display: LocalGetTotal   =      5161
LogCookStats: Display: LocalGetHitPct  =  0.992443
LogCookStats: Display: SharedGetHits   =         0
LogCookStats: Display: SharedGetTotal  =         0
LogCookStats: Display: SharedGetHitPct =  0.000000
LogCookStats: Display: ZenLocalGetHits =      5122
LogCookStats: Display: ZenLocalGetTotal=      5161
LogCookStats: Display: ZenLocalGetHitPct=  0.992443
LogCookStats: Display: ZenRemoteGetHits=         0
LogCookStats: Display: ZenRemoteGetTotal=         0
LogCookStats: Display: ZenRemoteGetHitPct=  0.000000
LogCookStats: Display: ZenRemoteReadSpeed=  0.000000
LogCookStats: Display: ZenRemoteWriteSpeed=  0.000000
LogCookStats: Display: ZenRemoteLatency=  0.000000
LogCookStats: Display: CloudGetHits    =         0
LogCookStats: Display: CloudGetTotal   =         0
LogCookStats: Display: CloudGetHitPct  =  0.000000
LogCookStats: Display: LocalLatency    =  1.909495
LogCookStats: Display: LocalReadSpeed  =112.281910
LogCookStats: Display: LocalWriteSpeed =  2.583890
LogCookStats: Display: SharedLatency   =  0.000000
LogCookStats: Display: SharedReadSpeed =  0.000000
LogCookStats: Display: SharedWriteSpeed=  0.000000
LogCookStats: Display: CloudLatency    =  0.000000
LogCookStats: Display: CloudReadSpeed  =  0.000000
LogCookStats: Display: CloudWriteSpeed =  0.000000
LogCookStats: Display:
LogCookStats: Display: DDC Resource Stats
LogCookStats: Display: =======================================================================================================
LogCookStats: Display: Asset Type                          Total Time (Sec)  GameThread Time (Sec)  Assets Built  MB Processed
LogCookStats: Display: ----------------------------------  ----------------  ---------------------  ------------  ------------
LogCookStats: Display: GlobalShader                                    2.75                   1.87             0        119.92
LogCookStats: Display: MaterialShader                                  2.32                   1.69            22         62.29
LogCookStats: Display: Shader                                          1.54                   0.00             0          1.26
LogCookStats: Display: Texture                                         1.42                   0.00             0        209.97
LogCookStats: Display: BulkDataList                                    1.26                   0.00             0          0.61
LogCookStats: Display: StaticMesh                                      0.14                   0.00             0         26.62
LogCookStats: Display: MaterialTranslation                             0.12                   0.00            17          0.00
LogCookStats: Display: DistanceField                                   0.07                   0.00             0          0.35
LogCookStats: Display: SkeletalMesh                                    0.06                   0.00             0         17.38
LogCookStats: Display: CardRepresentation                              0.05                   0.00             0          0.03
LogCookStats: Display: BodySetup                                       0.05                   0.00             0         19.50
LogCookStats: Display: NavCollision                                    0.04                   0.00             0          0.04
LogCookStats: Display: STREAMEDAUDIO                                   0.04                   0.00             0          0.09
LogCookStats: Display: Audio                                           0.01                   0.00             0          0.08
LogCookStats: Display: NiagaraScript                                   0.00                   0.00             0          0.17
LogCookStats: Display: GROOM                                           0.00                   0.00             0          0.27
LogCookStats: Display: CKERSM                                          0.00                   0.00             0          0.16
LogCookStats: Display: AnimationSequence                               0.00                   0.00             0          0.02
LogCookStats: Display: GROOMBINDING                                    0.00                   0.00             0          0.29
LogCookStats: Display:
LogCookStats: Display: Accumulated DDC Resource Stats Per Asset Type
LogCookStats: Display: =======================================================================================================
LogCookStats: Display: AnimationSequence                               0.00                   0.00             0          0.02
LogCookStats: Display: Audio                                           0.01                   0.00             0          0.08
LogCookStats: Display: CardRepresentation                              0.05                   0.00             0          0.03
LogCookStats: Display: DistanceField                                   0.07                   0.00             0          0.35
LogCookStats: Display: MaterialShader                                  2.32                   1.69            22         62.29
LogCookStats: Display: MaterialTranslation                             0.12                   0.00            17          0.00
LogCookStats: Display: NiagaraScript                                   0.00                   0.00             0          0.17
LogCookStats: Display: SkeletalMesh                                    0.06                   0.00             0         17.38
LogCookStats: Display: StaticMesh                                      0.14                   0.00             0         26.62
LogCookStats: Display: Texture                                         1.42                   0.00             0        209.97
LogCookStats: Display: Other                                           5.68                   1.87             0        142.12
LogPackageBuildDependencyTracker: Display: Package Accesses (422 referencing packages with a total of 4539 unique accesses)
LogConfigBuildDependencyTracker: Display: Config Accesses (572 referencing packages with a total of 1230 unique accesses). 1969 unique accesses that were not associated with a package.
LogCook: Display: ---- Finalisation: End ----
LogCook: Display: Done!
LogSavePackage: Display: Took 0.002285s to verify the EDL loading graph.
LogInit: Display:
LogInit: Display: Success - 0 error(s), 0 warning(s)
LogInit: Display:

Execution of commandlet took:  27.54 seconds, PeakPhysMemoryMB=4332 MB, PeakVirtMemoryMB=4526 MB
LogAssetRegistry: Display: CleanupOrphanedCacheFiles (PostWrite): 1 .ref files found, 1 referenced binaries
LogAssetRegistry: Display: CleanupOrphanedCacheFiles: 1 total binaries, 1 referenced (kept), 0 old-style pre-migration (kept), 0 orphans deleted, 0 orphans locked (kept)
LogStreaming: Display: ============ Loader Stats ============
LogStreaming: Display: Unique Partial Flushes: 0
LogStreaming: Display: ============ Loader Stats End ============
LogShaderCompilers: Display: Exiting ShaderCompilingThread
Took 56.72s to run UnrealEditor-Cmd.exe, ExitCode=0
SafeDeleteFile <USER_HOME>\AppData\Roaming\Unreal Engine\AutomationTool\Logs\C+Program+Files+Epic+Games+UE_5.8\Cook-2026.08.24-17.48.50.txt
SafeCopyFile C:\Program Files\Epic Games\UE_5.8\Engine\Programs\AutomationTool\Saved\Cook-2026.08.24-17.47.54.txt <USER_HOME>\AppData\Roaming\Unreal Engine\AutomationTool\Logs\C+Program+Files+Epic+Games+UE_5.8\Cook-2026.08.24-17.48.50.txt
SafeDeleteFile C:\Program Files\Epic Games\UE_5.8\Engine\Programs\AutomationTool\Saved\Cook-2026.08.24-17.47.54.txt
Cook command time: 57.04 s
********** COOK COMMAND COMPLETED **********
********** STAGE COMMAND STARTED **********
Deployment Context **************
ProjectFile = C:\DGTour\DiscGolfTour.uproject
ArchiveDir = C:\DGTour_Packages\S18_PolyHavenProvenance_63624166-aa24-49d0-a89f-74a125a36be2\Windows
IsCodeBasedUprojectFile = True
DedicatedServer = False
Stage = True
StageTargetPlatform = Win64
InputRootDir = C:\Program Files\Epic Games\UE_5.8
InputProjectDir = C:\DGTour
PlatformDir = Win64
StagedOutputDir = C:\DGTour\Saved\StagedBuilds\Windows
ShortProjectName = DiscGolfTour
ProjectArgForCommandLines = -project="../../../DiscGolfTour/DiscGolfTour.uproject"
RunRootDir = C:\DGTour\Saved\StagedBuilds\Windows
RunProjectDir = C:\DGTour\Saved\StagedBuilds\Windows\DiscGolfTour
PakFileInternalRoot = ../../../
PlatformUsesChunkManifests = False
End Deployment Context **************
Creating Staging Manifest...
Can't find cloud directory C:\DGTour\Platforms\Windows\Build\Cloud
SafeDeleteFile C:\DGTour\Intermediate\Staging\DiscGolfTour.exe
SafeCopyFile C:\Program Files\Epic Games\UE_5.8\Engine\Binaries\Win64\BootstrapPackagedGame-Win64-Shipping.exe C:\DGTour\Intermediate\Staging\DiscGolfTour.exe
Patching bootstrap executable; C:\DGTour\Intermediate\Staging\DiscGolfTour.exe
Begin update resource 'C:\DGTour\Intermediate\Staging\DiscGolfTour.exe' (0)
Add resource 101, length 104 (True)
Add resource 1, length 1996 (True)
Add resource 2, length 2447 (True)
Add resource 3, length 2535 (True)
Add resource 4, length 3037 (True)
Add resource 5, length 3244 (True)
Add resource 6, length 3531 (True)
Add resource 7, length 6931 (True)
Add resource 201, length 90 (True)
Add resource 202, length 26 (True)
Add resource 205, length 2 (True)
End update resource (True/0)
Excluding config file C:\Program Files\Epic Games\UE_5.8\Engine\Config\Localization\Engine.ini
Excluding config file C:\Program Files\Epic Games\UE_5.8\Engine\Config\Localization\PortableObjectImport.ini
Excluding config file C:\Program Files\Epic Games\UE_5.8\Engine\Config\Localization\ToolTips.ini
Excluding config file C:\Program Files\Epic Games\UE_5.8\Engine\Config\Localization\Keywords.ini
Excluding config file C:\Program Files\Epic Games\UE_5.8\Engine\Config\Localization\Category.ini
Excluding config file C:\Program Files\Epic Games\UE_5.8\Engine\Config\BaseSourceControlSettings.ini
Excluding config file C:\Program Files\Epic Games\UE_5.8\Engine\Config\BaseLightmass.ini
Excluding config file C:\Program Files\Epic Games\UE_5.8\Engine\Config\BasePakFileRules.ini
Excluding config file C:\Program Files\Epic Games\UE_5.8\Engine\Config\Windows\WindowsEditorPerProjectUserSettings.ini
Excluding config file C:\Program Files\Epic Games\UE_5.8\Engine\Config\BaseEditor.ini
Excluding config file C:\Program Files\Epic Games\UE_5.8\Engine\Config\BaseEditorSettings.ini
Excluding config file C:\Program Files\Epic Games\UE_5.8\Engine\Config\BaseEditorKeyBindings.ini
Excluding config file C:\Program Files\Epic Games\UE_5.8\Engine\Config\Localization\PropertyNames.ini
Excluding config file C:\Program Files\Epic Games\UE_5.8\Engine\Config\Localization\WordCount.ini
Excluding config file C:\Program Files\Epic Games\UE_5.8\Engine\Config\Localization\PortableObjectExport.ini
Excluding config file C:\Program Files\Epic Games\UE_5.8\Engine\Config\Localization\Editor.ini
Excluding config file C:\Program Files\Epic Games\UE_5.8\Engine\Config\BaseUnrealInsightsSettings.ini
Excluding config file C:\Program Files\Epic Games\UE_5.8\Engine\Config\Windows\WindowsEditorSettings.ini
Excluding config file C:\Program Files\Epic Games\UE_5.8\Engine\Config\BaseEditorPerProjectUserSettings.ini
Excluding config file C:\Program Files\Epic Games\UE_5.8\Engine\Config\Localization\RepairData.ini
Including config file C:\Program Files\Epic Games\UE_5.8\Engine\Config\ConfigRedirects.ini
Including config file C:\Program Files\Epic Games\UE_5.8\Engine\Config\Layouts\DefaultLayout.ini
Including config file C:\Program Files\Epic Games\UE_5.8\Engine\Config\PluginBase.ini
Including config file C:\Program Files\Epic Games\UE_5.8\Engine\Config\ConsoleVariables.ini
Including config file C:\Program Files\Epic Games\UE_5.8\Engine\Config\VulkanPC\DataDrivenPlatformInfo.ini
Including config file C:\Program Files\Epic Games\UE_5.8\Engine\Config\BaseGame.ini
Including config file C:\Program Files\Epic Games\UE_5.8\Engine\Config\BaseEngine.ini
Including config file C:\Program Files\Epic Games\UE_5.8\Engine\Config\BaseScalability.ini
Including config file C:\Program Files\Epic Games\UE_5.8\Engine\Config\BaseRuntimeOptions.ini
Including config file C:\Program Files\Epic Games\UE_5.8\Engine\Config\BaseInput.ini
Including config file C:\Program Files\Epic Games\UE_5.8\Engine\Config\BaseHardware.ini
Including config file C:\Program Files\Epic Games\UE_5.8\Engine\Config\BaseGameUserSettings.ini
Including config file C:\Program Files\Epic Games\UE_5.8\Engine\Config\Windows\DataDrivenPlatformInfo.ini
Including config file C:\Program Files\Epic Games\UE_5.8\Engine\Config\Windows\BaseWindowsInput.ini
Including config file C:\Program Files\Epic Games\UE_5.8\Engine\Config\Windows\BaseWindowsGame.ini
Including config file C:\Program Files\Epic Games\UE_5.8\Engine\Config\Windows\BaseWindowsEngine.ini
Including config file C:\Program Files\Epic Games\UE_5.8\Engine\Config\Windows\WindowsInput.ini
Including config file C:\Program Files\Epic Games\UE_5.8\Engine\Config\Windows\WindowsGame.ini
Including config file C:\Program Files\Epic Games\UE_5.8\Engine\Config\BaseDeviceProfiles.ini
Including config file C:\Program Files\Epic Games\UE_5.8\Engine\Config\BaseCompat.ini
Including config file C:\Program Files\Epic Games\UE_5.8\Engine\Config\Base.ini
Including config file C:\Program Files\Epic Games\UE_5.8\Engine\Config\BaseMaterialExpressions.ini
Including config file C:\Program Files\Epic Games\UE_5.8\Engine\Config\BaseInstallBundle.ini
Including config file C:\Program Files\Epic Games\UE_5.8\Engine\Config\Layouts\UE4ClassicLayout.ini
Excluding config file C:\DGTour\Config\DefaultEditor.ini
Including config file C:\DGTour\Config\DefaultInput.ini
Including config file C:\DGTour\Config\DefaultGame.ini
Including config file C:\DGTour\Config\DefaultScalability.ini
Including config file C:\DGTour\Config\DefaultEngine.ini
Reading oplog from Zen...
ZenServer at [::1]:8558 not ready yet (2.1s/25.0s); waiting.
ZenServer at [::1]:8558 not ready yet (5.1s/25.0s); waiting.
ZenServer at [::1]:8558 not ready yet (8.1s/25.0s); waiting.
ZenServer at [::1]:8558 not ready yet (11.2s/25.0s); waiting.
ZenServer at [::1]:8558 not ready yet (14.2s/25.0s); waiting.
ZenServer at [::1]:8558 not ready yet (17.2s/25.0s); waiting.
ZenServer at [::1]:8558 not ready yet (20.3s/25.0s); waiting.
ZenServer at [::1]:8558 not ready yet (23.3s/25.0s); waiting.
Running UnrealPak with arguments: "C:\DGTour\DiscGolfTour.uproject" IoStore -StartZenServerForStage -SponsorProcessID=22864 -ProjectStore="C:\DGTour\Saved\Cooked\Windows\ue.projectstore"
SafeFileExists C:\Program Files\Epic Games\UE_5.8\Engine\Binaries\Win64\UnrealPak.exe=True
Running: C:\Program Files\Epic Games\UE_5.8\Engine\Binaries\Win64\UnrealPak.exe "C:\DGTour\DiscGolfTour.uproject" IoStore -StartZenServerForStage -SponsorProcessID=22864 -ProjectStore="C:\DGTour\Saved\Cooked\Windows\ue.projectstore"
LogStreaming: Display: AsyncLoading2 - Created: Async Loading Thread: false, Async Post Load: false, Multithreaded: false
LogPakFile: Display: ProjectDir: ../../../../../../DGTour/
LogIoStore: Display: ==================== IoStore Utils ====================
LogIoStore: Display: Using command line for crypto configuration
LogZenServiceInstance: Display: Launching zen utility 'C:/Program Files/Epic Games/UE_5.8/Engine/Binaries/Win64/zen.exe service status'.
LogZenServiceInstance: Display: Writing plugin version info to '<USER_HOME>/AppData/Local/UnrealEngine/Common/Zen/Install/zen_plugin_versions.json'
LogZenServiceInstance: Display: Read zen version cache file from '<USER_HOME>/AppData/Local/UnrealEngine/5.8/Saved/Zen/zen.version', version: '5.8.13-202605190912-windows-x64-release-094f62c2'
LogZenServiceInstance: Display: Read zen version cache file from '<USER_HOME>/AppData/Local/UnrealEngine/Common/Zen/Install/zen.version', version: '5.8.13-202605190912-windows-x64-release-094f62c2'
LogZenServiceInstance: Display: Installed service at '<USER_HOME>/AppData/Local/UnrealEngine/Common/Zen/Install/zenserver.exe' is up to date
LogZenServiceInstance: Display: Launching executable '<USER_HOME>/AppData/Local/UnrealEngine/Common/Zen/Install/zenserver.exe', working dir '<USER_HOME>/AppData/Local/UnrealEngine/Common/Zen/Install', data dir '<USER_HOME>/AppData/Local/UnrealEngine/Common/Zen/Data', args '--port 8558 --data-dir <USER_HOME>\AppData\Local\UnrealEngine\Common\Zen\Data --http asio --gc-cache-duration-seconds 1209600 --gc-interval-seconds 21600 --gc-low-diskspace-threshold 2147483648 --cache-bucket-limit-overwrites --quiet --restrict-content-types --allow-external-oidctoken-exe=false --plugins-config "<USER_HOME>/AppData/Local/UnrealEngine/Common/Zen/Install/zen_plugins_v1.json" --security-config-path "<USER_HOME>/AppData/Local/UnrealEngine/Common/Zen/Install/security-config.json" --owner-pid 14600  --child-id Zen_14600_Startup'
LogZenServiceInstance: Display: Unreal Zen Storage Server HTTP service at http://[::1]:8558 status: OK!.
LogZenServiceInstance: Display: Unreal Zen Storage Server HTTP service at http://[::1]:8558 status: OK!.
LogPakFile: Display: UnrealPak executed in 5.084251 seconds
Took 5.44s to run UnrealPak.exe, ExitCode=0
SafeDeleteFile <USER_HOME>\AppData\Roaming\Unreal Engine\AutomationTool\Logs\C+Program+Files+Epic+Games+UE_5.8\UnrealPak_ZenAutoLaunch-2026.08.24-17.49.22.txt
SafeCopyFile C:\DGTour\Saved\Logs\UnrealPak.log <USER_HOME>\AppData\Roaming\Unreal Engine\AutomationTool\Logs\C+Program+Files+Epic+Games+UE_5.8\UnrealPak_ZenAutoLaunch-2026.08.24-17.49.22.txt
Reading oplog from http://[::1]:8558/prj/DiscGolfTour.20bba5d6/oplog/Windows/entries?trim_by_referencedset=true
Encountered an op not intended to be parsed based upon /Script/UnrealEd.ProjectPackagingSettings. Skipping parsing of this op.
Encountered an op not intended to be parsed based upon /Script/UnrealEd.ProjectPackagingSettings. Skipping parsing of this op.
Encountered an op not intended to be parsed based upon /Script/UnrealEd.ProjectPackagingSettings. Skipping parsing of this op.
Encountered an op not intended to be parsed based upon /Script/UnrealEd.ProjectPackagingSettings. Skipping parsing of this op.
Encountered an op not intended to be parsed based upon /Script/UnrealEd.ProjectPackagingSettings. Skipping parsing of this op.
Encountered an op not intended to be parsed based upon /Script/UnrealEd.ProjectPackagingSettings. Skipping parsing of this op.
Encountered an op not intended to be parsed based upon /Script/UnrealEd.ProjectPackagingSettings. Skipping parsing of this op.
Encountered an op not intended to be parsed based upon /Script/UnrealEd.ProjectPackagingSettings. Skipping parsing of this op.
Encountered an op not intended to be parsed based upon /Script/UnrealEd.ProjectPackagingSettings. Skipping parsing of this op.
Encountered an op not intended to be parsed based upon /Script/UnrealEd.ProjectPackagingSettings. Skipping parsing of this op.
Encountered an op not intended to be parsed based upon /Script/UnrealEd.ProjectPackagingSettings. Skipping parsing of this op.
Encountered an op not intended to be parsed based upon /Script/UnrealEd.ProjectPackagingSettings. Skipping parsing of this op.
Encountered an op not intended to be parsed based upon /Script/UnrealEd.ProjectPackagingSettings. Skipping parsing of this op.
Encountered an op not intended to be parsed based upon /Script/UnrealEd.ProjectPackagingSettings. Skipping parsing of this op.
Encountered an op not intended to be parsed based upon /Script/UnrealEd.ProjectPackagingSettings. Skipping parsing of this op.
Encountered an op not intended to be parsed based upon /Script/UnrealEd.ProjectPackagingSettings. Skipping parsing of this op.
Encountered an op not intended to be parsed based upon /Script/UnrealEd.ProjectPackagingSettings. Skipping parsing of this op.
Encountered an op not intended to be parsed based upon /Script/UnrealEd.ProjectPackagingSettings. Skipping parsing of this op.
Encountered an op not intended to be parsed based upon /Script/UnrealEd.ProjectPackagingSettings. Skipping parsing of this op.
Encountered an op not intended to be parsed based upon /Script/UnrealEd.ProjectPackagingSettings. Skipping parsing of this op.
Encountered an op not intended to be parsed based upon /Script/UnrealEd.ProjectPackagingSettings. Skipping parsing of this op.
Encountered an op not intended to be parsed based upon /Script/UnrealEd.ProjectPackagingSettings. Skipping parsing of this op.
Encountered an op not intended to be parsed based upon /Script/UnrealEd.ProjectPackagingSettings. Skipping parsing of this op.
Encountered an op not intended to be parsed based upon /Script/UnrealEd.ProjectPackagingSettings. Skipping parsing of this op.
Encountered an op not intended to be parsed based upon /Script/UnrealEd.ProjectPackagingSettings. Skipping parsing of this op.
Encountered an op not intended to be parsed based upon /Script/UnrealEd.ProjectPackagingSettings. Skipping parsing of this op.
Encountered an op not intended to be parsed based upon /Script/UnrealEd.ProjectPackagingSettings. Skipping parsing of this op.
Encountered an op not intended to be parsed based upon /Script/UnrealEd.ProjectPackagingSettings. Skipping parsing of this op.
Encountered an op not intended to be parsed based upon /Script/UnrealEd.ProjectPackagingSettings. Skipping parsing of this op.
Encountered an op not intended to be parsed based upon /Script/UnrealEd.ProjectPackagingSettings. Skipping parsing of this op.
Encountered an op not intended to be parsed based upon /Script/UnrealEd.ProjectPackagingSettings. Skipping parsing of this op.
Encountered an op not intended to be parsed based upon /Script/UnrealEd.ProjectPackagingSettings. Skipping parsing of this op.
Encountered an op not intended to be parsed based upon /Script/UnrealEd.ProjectPackagingSettings. Skipping parsing of this op.
Encountered an op not intended to be parsed based upon /Script/UnrealEd.ProjectPackagingSettings. Skipping parsing of this op.
Encountered an op not intended to be parsed based upon /Script/UnrealEd.ProjectPackagingSettings. Skipping parsing of this op.
Encountered an op not intended to be parsed based upon /Script/UnrealEd.ProjectPackagingSettings. Skipping parsing of this op.
Encountered an op not intended to be parsed based upon /Script/UnrealEd.ProjectPackagingSettings. Skipping parsing of this op.
Encountered an op not intended to be parsed based upon /Script/UnrealEd.ProjectPackagingSettings. Skipping parsing of this op.
Encountered an op not intended to be parsed based upon /Script/UnrealEd.ProjectPackagingSettings. Skipping parsing of this op.
Encountered an op not intended to be parsed based upon /Script/UnrealEd.ProjectPackagingSettings. Skipping parsing of this op.
Encountered an op not intended to be parsed based upon /Script/UnrealEd.ProjectPackagingSettings. Skipping parsing of this op.
Encountered an op not intended to be parsed based upon /Script/UnrealEd.ProjectPackagingSettings. Skipping parsing of this op.
Encountered an op not intended to be parsed based upon /Script/UnrealEd.ProjectPackagingSettings. Skipping parsing of this op.
Encountered an op not intended to be parsed based upon /Script/UnrealEd.ProjectPackagingSettings. Skipping parsing of this op.
Encountered an op not intended to be parsed based upon /Script/UnrealEd.ProjectPackagingSettings. Skipping parsing of this op.
Encountered an op not intended to be parsed based upon /Script/UnrealEd.ProjectPackagingSettings. Skipping parsing of this op.
Encountered an op not intended to be parsed based upon /Script/UnrealEd.ProjectPackagingSettings. Skipping parsing of this op.
Encountered an op not intended to be parsed based upon /Script/UnrealEd.ProjectPackagingSettings. Skipping parsing of this op.
Encountered an op not intended to be parsed based upon /Script/UnrealEd.ProjectPackagingSettings. Skipping parsing of this op.
Encountered an op not intended to be parsed based upon /Script/UnrealEd.ProjectPackagingSettings. Skipping parsing of this op.
Encountered an op not intended to be parsed based upon /Script/UnrealEd.ProjectPackagingSettings. Skipping parsing of this op.
Encountered an op not intended to be parsed based upon /Script/UnrealEd.ProjectPackagingSettings. Skipping parsing of this op.
Encountered an op not intended to be parsed based upon /Script/UnrealEd.ProjectPackagingSettings. Skipping parsing of this op.
Encountered an op not intended to be parsed based upon /Script/UnrealEd.ProjectPackagingSettings. Skipping parsing of this op.
Encountered an op not intended to be parsed based upon /Script/UnrealEd.ProjectPackagingSettings. Skipping parsing of this op.
Encountered an op not intended to be parsed based upon /Script/UnrealEd.ProjectPackagingSettings. Skipping parsing of this op.
Encountered an op not intended to be parsed based upon /Script/UnrealEd.ProjectPackagingSettings. Skipping parsing of this op.
Encountered an op not intended to be parsed based upon /Script/UnrealEd.ProjectPackagingSettings. Skipping parsing of this op.
Encountered an op not intended to be parsed based upon /Script/UnrealEd.ProjectPackagingSettings. Skipping parsing of this op.
Encountered an op not intended to be parsed based upon /Script/UnrealEd.ProjectPackagingSettings. Skipping parsing of this op.
Encountered an op not intended to be parsed based upon /Script/UnrealEd.ProjectPackagingSettings. Skipping parsing of this op.
Encountered an op not intended to be parsed based upon /Script/UnrealEd.ProjectPackagingSettings. Skipping parsing of this op.
Encountered an op not intended to be parsed based upon /Script/UnrealEd.ProjectPackagingSettings. Skipping parsing of this op.
Encountered an op not intended to be parsed based upon /Script/UnrealEd.ProjectPackagingSettings. Skipping parsing of this op.
Encountered an op not intended to be parsed based upon /Script/UnrealEd.ProjectPackagingSettings. Skipping parsing of this op.
Encountered an op not intended to be parsed based upon /Script/UnrealEd.ProjectPackagingSettings. Skipping parsing of this op.
Encountered an op not intended to be parsed based upon /Script/UnrealEd.ProjectPackagingSettings. Skipping parsing of this op.
Encountered an op not intended to be parsed based upon /Script/UnrealEd.ProjectPackagingSettings. Skipping parsing of this op.
Encountered an op not intended to be parsed based upon /Script/UnrealEd.ProjectPackagingSettings. Skipping parsing of this op.
Encountered an op not intended to be parsed based upon /Script/UnrealEd.ProjectPackagingSettings. Skipping parsing of this op.
Encountered an op not intended to be parsed based upon /Script/UnrealEd.ProjectPackagingSettings. Skipping parsing of this op.
Encountered an op not intended to be parsed based upon /Script/UnrealEd.ProjectPackagingSettings. Skipping parsing of this op.
Encountered an op not intended to be parsed based upon /Script/UnrealEd.ProjectPackagingSettings. Skipping parsing of this op.
Encountered an op not intended to be parsed based upon /Script/UnrealEd.ProjectPackagingSettings. Skipping parsing of this op.
Encountered an op not intended to be parsed based upon /Script/UnrealEd.ProjectPackagingSettings. Skipping parsing of this op.
Encountered an op not intended to be parsed based upon /Script/UnrealEd.ProjectPackagingSettings. Skipping parsing of this op.
Encountered an op not intended to be parsed based upon /Script/UnrealEd.ProjectPackagingSettings. Skipping parsing of this op.
Encountered an op not intended to be parsed based upon /Script/UnrealEd.ProjectPackagingSettings. Skipping parsing of this op.
Encountered an op not intended to be parsed based upon /Script/UnrealEd.ProjectPackagingSettings. Skipping parsing of this op.
Encountered an op not intended to be parsed based upon /Script/UnrealEd.ProjectPackagingSettings. Skipping parsing of this op.
Encountered an op not intended to be parsed based upon /Script/UnrealEd.ProjectPackagingSettings. Skipping parsing of this op.
Encountered an op not intended to be parsed based upon /Script/UnrealEd.ProjectPackagingSettings. Skipping parsing of this op.
Encountered an op not intended to be parsed based upon /Script/UnrealEd.ProjectPackagingSettings. Skipping parsing of this op.
Encountered an op not intended to be parsed based upon /Script/UnrealEd.ProjectPackagingSettings. Skipping parsing of this op.
Encountered an op not intended to be parsed based upon /Script/UnrealEd.ProjectPackagingSettings. Skipping parsing of this op.
Encountered an op not intended to be parsed based upon /Script/UnrealEd.ProjectPackagingSettings. Skipping parsing of this op.
Encountered an op not intended to be parsed based upon /Script/UnrealEd.ProjectPackagingSettings. Skipping parsing of this op.
Encountered an op not intended to be parsed based upon /Script/UnrealEd.ProjectPackagingSettings. Skipping parsing of this op.
Encountered an op not intended to be parsed based upon /Script/UnrealEd.ProjectPackagingSettings. Skipping parsing of this op.
Encountered an op not intended to be parsed based upon /Script/UnrealEd.ProjectPackagingSettings. Skipping parsing of this op.
Encountered an op not intended to be parsed based upon /Script/UnrealEd.ProjectPackagingSettings. Skipping parsing of this op.
Encountered an op not intended to be parsed based upon /Script/UnrealEd.ProjectPackagingSettings. Skipping parsing of this op.
Encountered an op not intended to be parsed based upon /Script/UnrealEd.ProjectPackagingSettings. Skipping parsing of this op.
Encountered an op not intended to be parsed based upon /Script/UnrealEd.ProjectPackagingSettings. Skipping parsing of this op.
Encountered an op not intended to be parsed based upon /Script/UnrealEd.ProjectPackagingSettings. Skipping parsing of this op.
Encountered an op not intended to be parsed based upon /Script/UnrealEd.ProjectPackagingSettings. Skipping parsing of this op.
Encountered an op not intended to be parsed based upon /Script/UnrealEd.ProjectPackagingSettings. Skipping parsing of this op.
Encountered an op not intended to be parsed based upon /Script/UnrealEd.ProjectPackagingSettings. Skipping parsing of this op.
Encountered an op not intended to be parsed based upon /Script/UnrealEd.ProjectPackagingSettings. Skipping parsing of this op.
Encountered an op not intended to be parsed based upon /Script/UnrealEd.ProjectPackagingSettings. Skipping parsing of this op.
Encountered an op not intended to be parsed based upon /Script/UnrealEd.ProjectPackagingSettings. Skipping parsing of this op.
Encountered an op not intended to be parsed based upon /Script/UnrealEd.ProjectPackagingSettings. Skipping parsing of this op.
Encountered an op not intended to be parsed based upon /Script/UnrealEd.ProjectPackagingSettings. Skipping parsing of this op.
Encountered an op not intended to be parsed based upon /Script/UnrealEd.ProjectPackagingSettings. Skipping parsing of this op.
Encountered an op not intended to be parsed based upon /Script/UnrealEd.ProjectPackagingSettings. Skipping parsing of this op.
Encountered an op not intended to be parsed based upon /Script/UnrealEd.ProjectPackagingSettings. Skipping parsing of this op.
Encountered an op not intended to be parsed based upon /Script/UnrealEd.ProjectPackagingSettings. Skipping parsing of this op.
Encountered an op not intended to be parsed based upon /Script/UnrealEd.ProjectPackagingSettings. Skipping parsing of this op.
Encountered an op not intended to be parsed based upon /Script/UnrealEd.ProjectPackagingSettings. Skipping parsing of this op.
Encountered an op not intended to be parsed based upon /Script/UnrealEd.ProjectPackagingSettings. Skipping parsing of this op.
Encountered an op not intended to be parsed based upon /Script/UnrealEd.ProjectPackagingSettings. Skipping parsing of this op.
Encountered an op not intended to be parsed based upon /Script/UnrealEd.ProjectPackagingSettings. Skipping parsing of this op.
Encountered an op not intended to be parsed based upon /Script/UnrealEd.ProjectPackagingSettings. Skipping parsing of this op.
Encountered an op not intended to be parsed based upon /Script/UnrealEd.ProjectPackagingSettings. Skipping parsing of this op.
Encountered an op not intended to be parsed based upon /Script/UnrealEd.ProjectPackagingSettings. Skipping parsing of this op.
Encountered an op not intended to be parsed based upon /Script/UnrealEd.ProjectPackagingSettings. Skipping parsing of this op.
Encountered an op not intended to be parsed based upon /Script/UnrealEd.ProjectPackagingSettings. Skipping parsing of this op.
Encountered an op not intended to be parsed based upon /Script/UnrealEd.ProjectPackagingSettings. Skipping parsing of this op.
Encountered an op not intended to be parsed based upon /Script/UnrealEd.ProjectPackagingSettings. Skipping parsing of this op.
Encountered an op not intended to be parsed based upon /Script/UnrealEd.ProjectPackagingSettings. Skipping parsing of this op.
Encountered an op not intended to be parsed based upon /Script/UnrealEd.ProjectPackagingSettings. Skipping parsing of this op.
Encountered an op not intended to be parsed based upon /Script/UnrealEd.ProjectPackagingSettings. Skipping parsing of this op.
Encountered an op not intended to be parsed based upon /Script/UnrealEd.ProjectPackagingSettings. Skipping parsing of this op.
Encountered an op not intended to be parsed based upon /Script/UnrealEd.ProjectPackagingSettings. Skipping parsing of this op.
Encountered an op not intended to be parsed based upon /Script/UnrealEd.ProjectPackagingSettings. Skipping parsing of this op.
Encountered an op not intended to be parsed based upon /Script/UnrealEd.ProjectPackagingSettings. Skipping parsing of this op.
Encountered an op not intended to be parsed based upon /Script/UnrealEd.ProjectPackagingSettings. Skipping parsing of this op.
Encountered an op not intended to be parsed based upon /Script/UnrealEd.ProjectPackagingSettings. Skipping parsing of this op.
Encountered an op not intended to be parsed based upon /Script/UnrealEd.ProjectPackagingSettings. Skipping parsing of this op.
Encountered an op not intended to be parsed based upon /Script/UnrealEd.ProjectPackagingSettings. Skipping parsing of this op.
Encountered an op not intended to be parsed based upon /Script/UnrealEd.ProjectPackagingSettings. Skipping parsing of this op.
Encountered an op not intended to be parsed based upon /Script/UnrealEd.ProjectPackagingSettings. Skipping parsing of this op.
Encountered an op not intended to be parsed based upon /Script/UnrealEd.ProjectPackagingSettings. Skipping parsing of this op.
Encountered an op not intended to be parsed based upon /Script/UnrealEd.ProjectPackagingSettings. Skipping parsing of this op.
Encountered an op not intended to be parsed based upon /Script/UnrealEd.ProjectPackagingSettings. Skipping parsing of this op.
Encountered an op not intended to be parsed based upon /Script/UnrealEd.ProjectPackagingSettings. Skipping parsing of this op.
Encountered an op not intended to be parsed based upon /Script/UnrealEd.ProjectPackagingSettings. Skipping parsing of this op.
Encountered an op not intended to be parsed based upon /Script/UnrealEd.ProjectPackagingSettings. Skipping parsing of this op.
Encountered an op not intended to be parsed based upon /Script/UnrealEd.ProjectPackagingSettings. Skipping parsing of this op.
Encountered an op not intended to be parsed based upon /Script/UnrealEd.ProjectPackagingSettings. Skipping parsing of this op.
Encountered an op not intended to be parsed based upon /Script/UnrealEd.ProjectPackagingSettings. Skipping parsing of this op.
Encountered an op not intended to be parsed based upon /Script/UnrealEd.ProjectPackagingSettings. Skipping parsing of this op.
Encountered an op not intended to be parsed based upon /Script/UnrealEd.ProjectPackagingSettings. Skipping parsing of this op.
Encountered an op not intended to be parsed based upon /Script/UnrealEd.ProjectPackagingSettings. Skipping parsing of this op.
Encountered an op not intended to be parsed based upon /Script/UnrealEd.ProjectPackagingSettings. Skipping parsing of this op.
Encountered an op not intended to be parsed based upon /Script/UnrealEd.ProjectPackagingSettings. Skipping parsing of this op.
Encountered an op not intended to be parsed based upon /Script/UnrealEd.ProjectPackagingSettings. Skipping parsing of this op.
Encountered an op not intended to be parsed based upon /Script/UnrealEd.ProjectPackagingSettings. Skipping parsing of this op.
Encountered an op not intended to be parsed based upon /Script/UnrealEd.ProjectPackagingSettings. Skipping parsing of this op.
Encountered an op not intended to be parsed based upon /Script/UnrealEd.ProjectPackagingSettings. Skipping parsing of this op.
Encountered an op not intended to be parsed based upon /Script/UnrealEd.ProjectPackagingSettings. Skipping parsing of this op.
Encountered an op not intended to be parsed based upon /Script/UnrealEd.ProjectPackagingSettings. Skipping parsing of this op.
Encountered an op not intended to be parsed based upon /Script/UnrealEd.ProjectPackagingSettings. Skipping parsing of this op.
Encountered an op not intended to be parsed based upon /Script/UnrealEd.ProjectPackagingSettings. Skipping parsing of this op.
Encountered an op not intended to be parsed based upon /Script/UnrealEd.ProjectPackagingSettings. Skipping parsing of this op.
Encountered an op not intended to be parsed based upon /Script/UnrealEd.ProjectPackagingSettings. Skipping parsing of this op.
Encountered an op not intended to be parsed based upon /Script/UnrealEd.ProjectPackagingSettings. Skipping parsing of this op.
Encountered an op not intended to be parsed based upon /Script/UnrealEd.ProjectPackagingSettings. Skipping parsing of this op.
Encountered an op not intended to be parsed based upon /Script/UnrealEd.ProjectPackagingSettings. Skipping parsing of this op.
Encountered an op not intended to be parsed based upon /Script/UnrealEd.ProjectPackagingSettings. Skipping parsing of this op.
Encountered an op not intended to be parsed based upon /Script/UnrealEd.ProjectPackagingSettings. Skipping parsing of this op.
Encountered an op not intended to be parsed based upon /Script/UnrealEd.ProjectPackagingSettings. Skipping parsing of this op.
Encountered an op not intended to be parsed based upon /Script/UnrealEd.ProjectPackagingSettings. Skipping parsing of this op.
Encountered an op not intended to be parsed based upon /Script/UnrealEd.ProjectPackagingSettings. Skipping parsing of this op.
Encountered an op not intended to be parsed based upon /Script/UnrealEd.ProjectPackagingSettings. Skipping parsing of this op.
Encountered an op not intended to be parsed based upon /Script/UnrealEd.ProjectPackagingSettings. Skipping parsing of this op.
Encountered an op not intended to be parsed based upon /Script/UnrealEd.ProjectPackagingSettings. Skipping parsing of this op.
Encountered an op not intended to be parsed based upon /Script/UnrealEd.ProjectPackagingSettings. Skipping parsing of this op.
Encountered an op not intended to be parsed based upon /Script/UnrealEd.ProjectPackagingSettings. Skipping parsing of this op.
Encountered an op not intended to be parsed based upon /Script/UnrealEd.ProjectPackagingSettings. Skipping parsing of this op.
Encountered an op not intended to be parsed based upon /Script/UnrealEd.ProjectPackagingSettings. Skipping parsing of this op.
Encountered an op not intended to be parsed based upon /Script/UnrealEd.ProjectPackagingSettings. Skipping parsing of this op.
Encountered an op not intended to be parsed based upon /Script/UnrealEd.ProjectPackagingSettings. Skipping parsing of this op.
Encountered an op not intended to be parsed based upon /Script/UnrealEd.ProjectPackagingSettings. Skipping parsing of this op.
Encountered an op not intended to be parsed based upon /Script/UnrealEd.ProjectPackagingSettings. Skipping parsing of this op.
Encountered an op not intended to be parsed based upon /Script/UnrealEd.ProjectPackagingSettings. Skipping parsing of this op.
Encountered an op not intended to be parsed based upon /Script/UnrealEd.ProjectPackagingSettings. Skipping parsing of this op.
Encountered an op not intended to be parsed based upon /Script/UnrealEd.ProjectPackagingSettings. Skipping parsing of this op.
Encountered an op not intended to be parsed based upon /Script/UnrealEd.ProjectPackagingSettings. Skipping parsing of this op.
Encountered an op not intended to be parsed based upon /Script/UnrealEd.ProjectPackagingSettings. Skipping parsing of this op.
Encountered an op not intended to be parsed based upon /Script/UnrealEd.ProjectPackagingSettings. Skipping parsing of this op.
Encountered an op not intended to be parsed based upon /Script/UnrealEd.ProjectPackagingSettings. Skipping parsing of this op.
Encountered an op not intended to be parsed based upon /Script/UnrealEd.ProjectPackagingSettings. Skipping parsing of this op.
Encountered an op not intended to be parsed based upon /Script/UnrealEd.ProjectPackagingSettings. Skipping parsing of this op.
Encountered an op not intended to be parsed based upon /Script/UnrealEd.ProjectPackagingSettings. Skipping parsing of this op.
Encountered an op not intended to be parsed based upon /Script/UnrealEd.ProjectPackagingSettings. Skipping parsing of this op.
Encountered an op not intended to be parsed based upon /Script/UnrealEd.ProjectPackagingSettings. Skipping parsing of this op.
Encountered an op not intended to be parsed based upon /Script/UnrealEd.ProjectPackagingSettings. Skipping parsing of this op.
Encountered an op not intended to be parsed based upon /Script/UnrealEd.ProjectPackagingSettings. Skipping parsing of this op.
Encountered an op not intended to be parsed based upon /Script/UnrealEd.ProjectPackagingSettings. Skipping parsing of this op.
Encountered an op not intended to be parsed based upon /Script/UnrealEd.ProjectPackagingSettings. Skipping parsing of this op.
Encountered an op not intended to be parsed based upon /Script/UnrealEd.ProjectPackagingSettings. Skipping parsing of this op.
Encountered an op not intended to be parsed based upon /Script/UnrealEd.ProjectPackagingSettings. Skipping parsing of this op.
Encountered an op not intended to be parsed based upon /Script/UnrealEd.ProjectPackagingSettings. Skipping parsing of this op.
Encountered an op not intended to be parsed based upon /Script/UnrealEd.ProjectPackagingSettings. Skipping parsing of this op.
Encountered an op not intended to be parsed based upon /Script/UnrealEd.ProjectPackagingSettings. Skipping parsing of this op.
Encountered an op not intended to be parsed based upon /Script/UnrealEd.ProjectPackagingSettings. Skipping parsing of this op.
Encountered an op not intended to be parsed based upon /Script/UnrealEd.ProjectPackagingSettings. Skipping parsing of this op.
Encountered an op not intended to be parsed based upon /Script/UnrealEd.ProjectPackagingSettings. Skipping parsing of this op.
Encountered an op not intended to be parsed based upon /Script/UnrealEd.ProjectPackagingSettings. Skipping parsing of this op.
Encountered an op not intended to be parsed based upon /Script/UnrealEd.ProjectPackagingSettings. Skipping parsing of this op.
Encountered an op not intended to be parsed based upon /Script/UnrealEd.ProjectPackagingSettings. Skipping parsing of this op.
Encountered an op not intended to be parsed based upon /Script/UnrealEd.ProjectPackagingSettings. Skipping parsing of this op.
Encountered an op not intended to be parsed based upon /Script/UnrealEd.ProjectPackagingSettings. Skipping parsing of this op.
Encountered an op not intended to be parsed based upon /Script/UnrealEd.ProjectPackagingSettings. Skipping parsing of this op.
Encountered an op not intended to be parsed based upon /Script/UnrealEd.ProjectPackagingSettings. Skipping parsing of this op.
Encountered an op not intended to be parsed based upon /Script/UnrealEd.ProjectPackagingSettings. Skipping parsing of this op.
Encountered an op not intended to be parsed based upon /Script/UnrealEd.ProjectPackagingSettings. Skipping parsing of this op.
Encountered an op not intended to be parsed based upon /Script/UnrealEd.ProjectPackagingSettings. Skipping parsing of this op.
Encountered an op not intended to be parsed based upon /Script/UnrealEd.ProjectPackagingSettings. Skipping parsing of this op.
Encountered an op not intended to be parsed based upon /Script/UnrealEd.ProjectPackagingSettings. Skipping parsing of this op.
Encountered an op not intended to be parsed based upon /Script/UnrealEd.ProjectPackagingSettings. Skipping parsing of this op.
Encountered an op not intended to be parsed based upon /Script/UnrealEd.ProjectPackagingSettings. Skipping parsing of this op.
Encountered an op not intended to be parsed based upon /Script/UnrealEd.ProjectPackagingSettings. Skipping parsing of this op.
Encountered an op not intended to be parsed based upon /Script/UnrealEd.ProjectPackagingSettings. Skipping parsing of this op.
Encountered an op not intended to be parsed based upon /Script/UnrealEd.ProjectPackagingSettings. Skipping parsing of this op.
Encountered an op not intended to be parsed based upon /Script/UnrealEd.ProjectPackagingSettings. Skipping parsing of this op.
Encountered an op not intended to be parsed based upon /Script/UnrealEd.ProjectPackagingSettings. Skipping parsing of this op.
Encountered an op not intended to be parsed based upon /Script/UnrealEd.ProjectPackagingSettings. Skipping parsing of this op.
Encountered an op not intended to be parsed based upon /Script/UnrealEd.ProjectPackagingSettings. Skipping parsing of this op.
Encountered an op not intended to be parsed based upon /Script/UnrealEd.ProjectPackagingSettings. Skipping parsing of this op.
Encountered an op not intended to be parsed based upon /Script/UnrealEd.ProjectPackagingSettings. Skipping parsing of this op.
Encountered an op not intended to be parsed based upon /Script/UnrealEd.ProjectPackagingSettings. Skipping parsing of this op.
Encountered an op not intended to be parsed based upon /Script/UnrealEd.ProjectPackagingSettings. Skipping parsing of this op.
Encountered an op not intended to be parsed based upon /Script/UnrealEd.ProjectPackagingSettings. Skipping parsing of this op.
Encountered an op not intended to be parsed based upon /Script/UnrealEd.ProjectPackagingSettings. Skipping parsing of this op.
Encountered an op not intended to be parsed based upon /Script/UnrealEd.ProjectPackagingSettings. Skipping parsing of this op.
Encountered an op not intended to be parsed based upon /Script/UnrealEd.ProjectPackagingSettings. Skipping parsing of this op.
Encountered an op not intended to be parsed based upon /Script/UnrealEd.ProjectPackagingSettings. Skipping parsing of this op.
Encountered an op not intended to be parsed based upon /Script/UnrealEd.ProjectPackagingSettings. Skipping parsing of this op.
Encountered an op not intended to be parsed based upon /Script/UnrealEd.ProjectPackagingSettings. Skipping parsing of this op.
Encountered an op not intended to be parsed based upon /Script/UnrealEd.ProjectPackagingSettings. Skipping parsing of this op.
Encountered an op not intended to be parsed based upon /Script/UnrealEd.ProjectPackagingSettings. Skipping parsing of this op.
Encountered an op not intended to be parsed based upon /Script/UnrealEd.ProjectPackagingSettings. Skipping parsing of this op.
Encountered an op not intended to be parsed based upon /Script/UnrealEd.ProjectPackagingSettings. Skipping parsing of this op.
Encountered an op not intended to be parsed based upon /Script/UnrealEd.ProjectPackagingSettings. Skipping parsing of this op.
Encountered an op not intended to be parsed based upon /Script/UnrealEd.ProjectPackagingSettings. Skipping parsing of this op.
Encountered an op not intended to be parsed based upon /Script/UnrealEd.ProjectPackagingSettings. Skipping parsing of this op.
Encountered an op not intended to be parsed based upon /Script/UnrealEd.ProjectPackagingSettings. Skipping parsing of this op.
Encountered an op not intended to be parsed based upon /Script/UnrealEd.ProjectPackagingSettings. Skipping parsing of this op.
Encountered an op not intended to be parsed based upon /Script/UnrealEd.ProjectPackagingSettings. Skipping parsing of this op.
Encountered an op not intended to be parsed based upon /Script/UnrealEd.ProjectPackagingSettings. Skipping parsing of this op.
Encountered an op not intended to be parsed based upon /Script/UnrealEd.ProjectPackagingSettings. Skipping parsing of this op.
Encountered an op not intended to be parsed based upon /Script/UnrealEd.ProjectPackagingSettings. Skipping parsing of this op.
Encountered an op not intended to be parsed based upon /Script/UnrealEd.ProjectPackagingSettings. Skipping parsing of this op.
Encountered an op not intended to be parsed based upon /Script/UnrealEd.ProjectPackagingSettings. Skipping parsing of this op.
Encountered an op not intended to be parsed based upon /Script/UnrealEd.ProjectPackagingSettings. Skipping parsing of this op.
Encountered an op not intended to be parsed based upon /Script/UnrealEd.ProjectPackagingSettings. Skipping parsing of this op.
Encountered an op not intended to be parsed based upon /Script/UnrealEd.ProjectPackagingSettings. Skipping parsing of this op.
Encountered an op not intended to be parsed based upon /Script/UnrealEd.ProjectPackagingSettings. Skipping parsing of this op.
Encountered an op not intended to be parsed based upon /Script/UnrealEd.ProjectPackagingSettings. Skipping parsing of this op.
Encountered an op not intended to be parsed based upon /Script/UnrealEd.ProjectPackagingSettings. Skipping parsing of this op.
Encountered an op not intended to be parsed based upon /Script/UnrealEd.ProjectPackagingSettings. Skipping parsing of this op.
Encountered an op not intended to be parsed based upon /Script/UnrealEd.ProjectPackagingSettings. Skipping parsing of this op.
Encountered an op not intended to be parsed based upon /Script/UnrealEd.ProjectPackagingSettings. Skipping parsing of this op.
Encountered an op not intended to be parsed based upon /Script/UnrealEd.ProjectPackagingSettings. Skipping parsing of this op.
Encountered an op not intended to be parsed based upon /Script/UnrealEd.ProjectPackagingSettings. Skipping parsing of this op.
Encountered an op not intended to be parsed based upon /Script/UnrealEd.ProjectPackagingSettings. Skipping parsing of this op.
Encountered an op not intended to be parsed based upon /Script/UnrealEd.ProjectPackagingSettings. Skipping parsing of this op.
Encountered an op not intended to be parsed based upon /Script/UnrealEd.ProjectPackagingSettings. Skipping parsing of this op.
Encountered an op not intended to be parsed based upon /Script/UnrealEd.ProjectPackagingSettings. Skipping parsing of this op.
Encountered an op not intended to be parsed based upon /Script/UnrealEd.ProjectPackagingSettings. Skipping parsing of this op.
Encountered an op not intended to be parsed based upon /Script/UnrealEd.ProjectPackagingSettings. Skipping parsing of this op.
Encountered an op not intended to be parsed based upon /Script/UnrealEd.ProjectPackagingSettings. Skipping parsing of this op.
Encountered an op not intended to be parsed based upon /Script/UnrealEd.ProjectPackagingSettings. Skipping parsing of this op.
Encountered an op not intended to be parsed based upon /Script/UnrealEd.ProjectPackagingSettings. Skipping parsing of this op.
Encountered an op not intended to be parsed based upon /Script/UnrealEd.ProjectPackagingSettings. Skipping parsing of this op.
Encountered an op not intended to be parsed based upon /Script/UnrealEd.ProjectPackagingSettings. Skipping parsing of this op.
Encountered an op not intended to be parsed based upon /Script/UnrealEd.ProjectPackagingSettings. Skipping parsing of this op.
Encountered an op not intended to be parsed based upon /Script/UnrealEd.ProjectPackagingSettings. Skipping parsing of this op.
Encountered an op not intended to be parsed based upon /Script/UnrealEd.ProjectPackagingSettings. Skipping parsing of this op.
Encountered an op not intended to be parsed based upon /Script/UnrealEd.ProjectPackagingSettings. Skipping parsing of this op.
Encountered an op not intended to be parsed based upon /Script/UnrealEd.ProjectPackagingSettings. Skipping parsing of this op.
Encountered an op not intended to be parsed based upon /Script/UnrealEd.ProjectPackagingSettings. Skipping parsing of this op.
Encountered an op not intended to be parsed based upon /Script/UnrealEd.ProjectPackagingSettings. Skipping parsing of this op.
Encountered an op not intended to be parsed based upon /Script/UnrealEd.ProjectPackagingSettings. Skipping parsing of this op.
Encountered an op not intended to be parsed based upon /Script/UnrealEd.ProjectPackagingSettings. Skipping parsing of this op.
Encountered an op not intended to be parsed based upon /Script/UnrealEd.ProjectPackagingSettings. Skipping parsing of this op.
Encountered an op not intended to be parsed based upon /Script/UnrealEd.ProjectPackagingSettings. Skipping parsing of this op.
Encountered an op not intended to be parsed based upon /Script/UnrealEd.ProjectPackagingSettings. Skipping parsing of this op.
Encountered an op not intended to be parsed based upon /Script/UnrealEd.ProjectPackagingSettings. Skipping parsing of this op.
Encountered an op not intended to be parsed based upon /Script/UnrealEd.ProjectPackagingSettings. Skipping parsing of this op.
Encountered an op not intended to be parsed based upon /Script/UnrealEd.ProjectPackagingSettings. Skipping parsing of this op.
Encountered an op not intended to be parsed based upon /Script/UnrealEd.ProjectPackagingSettings. Skipping parsing of this op.
Encountered an op not intended to be parsed based upon /Script/UnrealEd.ProjectPackagingSettings. Skipping parsing of this op.
Encountered an op not intended to be parsed based upon /Script/UnrealEd.ProjectPackagingSettings. Skipping parsing of this op.
Encountered an op not intended to be parsed based upon /Script/UnrealEd.ProjectPackagingSettings. Skipping parsing of this op.
Encountered an op not intended to be parsed based upon /Script/UnrealEd.ProjectPackagingSettings. Skipping parsing of this op.
Encountered an op not intended to be parsed based upon /Script/UnrealEd.ProjectPackagingSettings. Skipping parsing of this op.
Encountered an op not intended to be parsed based upon /Script/UnrealEd.ProjectPackagingSettings. Skipping parsing of this op.
Encountered an op not intended to be parsed based upon /Script/UnrealEd.ProjectPackagingSettings. Skipping parsing of this op.
Encountered an op not intended to be parsed based upon /Script/UnrealEd.ProjectPackagingSettings. Skipping parsing of this op.
Encountered an op not intended to be parsed based upon /Script/UnrealEd.ProjectPackagingSettings. Skipping parsing of this op.
Encountered an op not intended to be parsed based upon /Script/UnrealEd.ProjectPackagingSettings. Skipping parsing of this op.
Encountered an op not intended to be parsed based upon /Script/UnrealEd.ProjectPackagingSettings. Skipping parsing of this op.
Encountered an op not intended to be parsed based upon /Script/UnrealEd.ProjectPackagingSettings. Skipping parsing of this op.
Encountered an op not intended to be parsed based upon /Script/UnrealEd.ProjectPackagingSettings. Skipping parsing of this op.
Encountered an op not intended to be parsed based upon /Script/UnrealEd.ProjectPackagingSettings. Skipping parsing of this op.
Encountered an op not intended to be parsed based upon /Script/UnrealEd.ProjectPackagingSettings. Skipping parsing of this op.
Encountered an op not intended to be parsed based upon /Script/UnrealEd.ProjectPackagingSettings. Skipping parsing of this op.
Encountered an op not intended to be parsed based upon /Script/UnrealEd.ProjectPackagingSettings. Skipping parsing of this op.
Encountered an op not intended to be parsed based upon /Script/UnrealEd.ProjectPackagingSettings. Skipping parsing of this op.
Encountered an op not intended to be parsed based upon /Script/UnrealEd.ProjectPackagingSettings. Skipping parsing of this op.
Encountered an op not intended to be parsed based upon /Script/UnrealEd.ProjectPackagingSettings. Skipping parsing of this op.
Encountered an op not intended to be parsed based upon /Script/UnrealEd.ProjectPackagingSettings. Skipping parsing of this op.
Encountered an op not intended to be parsed based upon /Script/UnrealEd.ProjectPackagingSettings. Skipping parsing of this op.
Encountered an op not intended to be parsed based upon /Script/UnrealEd.ProjectPackagingSettings. Skipping parsing of this op.
Encountered an op not intended to be parsed based upon /Script/UnrealEd.ProjectPackagingSettings. Skipping parsing of this op.
Encountered an op not intended to be parsed based upon /Script/UnrealEd.ProjectPackagingSettings. Skipping parsing of this op.
Encountered an op not intended to be parsed based upon /Script/UnrealEd.ProjectPackagingSettings. Skipping parsing of this op.
Encountered an op not intended to be parsed based upon /Script/UnrealEd.ProjectPackagingSettings. Skipping parsing of this op.
Encountered an op not intended to be parsed based upon /Script/UnrealEd.ProjectPackagingSettings. Skipping parsing of this op.
Encountered an op not intended to be parsed based upon /Script/UnrealEd.ProjectPackagingSettings. Skipping parsing of this op.
Encountered an op not intended to be parsed based upon /Script/UnrealEd.ProjectPackagingSettings. Skipping parsing of this op.
Encountered an op not intended to be parsed based upon /Script/UnrealEd.ProjectPackagingSettings. Skipping parsing of this op.
Encountered an op not intended to be parsed based upon /Script/UnrealEd.ProjectPackagingSettings. Skipping parsing of this op.
Encountered an op not intended to be parsed based upon /Script/UnrealEd.ProjectPackagingSettings. Skipping parsing of this op.
Encountered an op not intended to be parsed based upon /Script/UnrealEd.ProjectPackagingSettings. Skipping parsing of this op.
Encountered an op not intended to be parsed based upon /Script/UnrealEd.ProjectPackagingSettings. Skipping parsing of this op.
Encountered an op not intended to be parsed based upon /Script/UnrealEd.ProjectPackagingSettings. Skipping parsing of this op.
Encountered an op not intended to be parsed based upon /Script/UnrealEd.ProjectPackagingSettings. Skipping parsing of this op.
Encountered an op not intended to be parsed based upon /Script/UnrealEd.ProjectPackagingSettings. Skipping parsing of this op.
Encountered an op not intended to be parsed based upon /Script/UnrealEd.ProjectPackagingSettings. Skipping parsing of this op.
Encountered an op not intended to be parsed based upon /Script/UnrealEd.ProjectPackagingSettings. Skipping parsing of this op.
Encountered an op not intended to be parsed based upon /Script/UnrealEd.ProjectPackagingSettings. Skipping parsing of this op.
Encountered an op not intended to be parsed based upon /Script/UnrealEd.ProjectPackagingSettings. Skipping parsing of this op.
Encountered an op not intended to be parsed based upon /Script/UnrealEd.ProjectPackagingSettings. Skipping parsing of this op.
Encountered an op not intended to be parsed based upon /Script/UnrealEd.ProjectPackagingSettings. Skipping parsing of this op.
Encountered an op not intended to be parsed based upon /Script/UnrealEd.ProjectPackagingSettings. Skipping parsing of this op.
Encountered an op not intended to be parsed based upon /Script/UnrealEd.ProjectPackagingSettings. Skipping parsing of this op.
Encountered an op not intended to be parsed based upon /Script/UnrealEd.ProjectPackagingSettings. Skipping parsing of this op.
Encountered an op not intended to be parsed based upon /Script/UnrealEd.ProjectPackagingSettings. Skipping parsing of this op.
Encountered an op not intended to be parsed based upon /Script/UnrealEd.ProjectPackagingSettings. Skipping parsing of this op.
Encountered an op not intended to be parsed based upon /Script/UnrealEd.ProjectPackagingSettings. Skipping parsing of this op.
Encountered an op not intended to be parsed based upon /Script/UnrealEd.ProjectPackagingSettings. Skipping parsing of this op.
Encountered an op not intended to be parsed based upon /Script/UnrealEd.ProjectPackagingSettings. Skipping parsing of this op.
Encountered an op not intended to be parsed based upon /Script/UnrealEd.ProjectPackagingSettings. Skipping parsing of this op.
Encountered an op not intended to be parsed based upon /Script/UnrealEd.ProjectPackagingSettings. Skipping parsing of this op.
Encountered an op not intended to be parsed based upon /Script/UnrealEd.ProjectPackagingSettings. Skipping parsing of this op.
Encountered an op not intended to be parsed based upon /Script/UnrealEd.ProjectPackagingSettings. Skipping parsing of this op.
Encountered an op not intended to be parsed based upon /Script/UnrealEd.ProjectPackagingSettings. Skipping parsing of this op.
Encountered an op not intended to be parsed based upon /Script/UnrealEd.ProjectPackagingSettings. Skipping parsing of this op.
Encountered an op not intended to be parsed based upon /Script/UnrealEd.ProjectPackagingSettings. Skipping parsing of this op.
Encountered an op not intended to be parsed based upon /Script/UnrealEd.ProjectPackagingSettings. Skipping parsing of this op.
Encountered an op not intended to be parsed based upon /Script/UnrealEd.ProjectPackagingSettings. Skipping parsing of this op.
Encountered an op not intended to be parsed based upon /Script/UnrealEd.ProjectPackagingSettings. Skipping parsing of this op.
Encountered an op not intended to be parsed based upon /Script/UnrealEd.ProjectPackagingSettings. Skipping parsing of this op.
Encountered an op not intended to be parsed based upon /Script/UnrealEd.ProjectPackagingSettings. Skipping parsing of this op.
Encountered an op not intended to be parsed based upon /Script/UnrealEd.ProjectPackagingSettings. Skipping parsing of this op.
Encountered an op not intended to be parsed based upon /Script/UnrealEd.ProjectPackagingSettings. Skipping parsing of this op.
Encountered an op not intended to be parsed based upon /Script/UnrealEd.ProjectPackagingSettings. Skipping parsing of this op.
Encountered an op not intended to be parsed based upon /Script/UnrealEd.ProjectPackagingSettings. Skipping parsing of this op.
Encountered an op not intended to be parsed based upon /Script/UnrealEd.ProjectPackagingSettings. Skipping parsing of this op.
Encountered an op not intended to be parsed based upon /Script/UnrealEd.ProjectPackagingSettings. Skipping parsing of this op.
Encountered an op not intended to be parsed based upon /Script/UnrealEd.ProjectPackagingSettings. Skipping parsing of this op.
Encountered an op not intended to be parsed based upon /Script/UnrealEd.ProjectPackagingSettings. Skipping parsing of this op.
Encountered an op not intended to be parsed based upon /Script/UnrealEd.ProjectPackagingSettings. Skipping parsing of this op.
Encountered an op not intended to be parsed based upon /Script/UnrealEd.ProjectPackagingSettings. Skipping parsing of this op.
Encountered an op not intended to be parsed based upon /Script/UnrealEd.ProjectPackagingSettings. Skipping parsing of this op.
Encountered an op not intended to be parsed based upon /Script/UnrealEd.ProjectPackagingSettings. Skipping parsing of this op.
Encountered an op not intended to be parsed based upon /Script/UnrealEd.ProjectPackagingSettings. Skipping parsing of this op.
Encountered an op not intended to be parsed based upon /Script/UnrealEd.ProjectPackagingSettings. Skipping parsing of this op.
Encountered an op not intended to be parsed based upon /Script/UnrealEd.ProjectPackagingSettings. Skipping parsing of this op.
Encountered an op not intended to be parsed based upon /Script/UnrealEd.ProjectPackagingSettings. Skipping parsing of this op.
Encountered an op not intended to be parsed based upon /Script/UnrealEd.ProjectPackagingSettings. Skipping parsing of this op.
Encountered an op not intended to be parsed based upon /Script/UnrealEd.ProjectPackagingSettings. Skipping parsing of this op.
Encountered an op not intended to be parsed based upon /Script/UnrealEd.ProjectPackagingSettings. Skipping parsing of this op.
Encountered an op not intended to be parsed based upon /Script/UnrealEd.ProjectPackagingSettings. Skipping parsing of this op.
Encountered an op not intended to be parsed based upon /Script/UnrealEd.ProjectPackagingSettings. Skipping parsing of this op.
Encountered an op not intended to be parsed based upon /Script/UnrealEd.ProjectPackagingSettings. Skipping parsing of this op.
Encountered an op not intended to be parsed based upon /Script/UnrealEd.ProjectPackagingSettings. Skipping parsing of this op.
Encountered an op not intended to be parsed based upon /Script/UnrealEd.ProjectPackagingSettings. Skipping parsing of this op.
Encountered an op not intended to be parsed based upon /Script/UnrealEd.ProjectPackagingSettings. Skipping parsing of this op.
Encountered an op not intended to be parsed based upon /Script/UnrealEd.ProjectPackagingSettings. Skipping parsing of this op.
Encountered an op not intended to be parsed based upon /Script/UnrealEd.ProjectPackagingSettings. Skipping parsing of this op.
Encountered an op not intended to be parsed based upon /Script/UnrealEd.ProjectPackagingSettings. Skipping parsing of this op.
Encountered an op not intended to be parsed based upon /Script/UnrealEd.ProjectPackagingSettings. Skipping parsing of this op.
Encountered an op not intended to be parsed based upon /Script/UnrealEd.ProjectPackagingSettings. Skipping parsing of this op.
Encountered an op not intended to be parsed based upon /Script/UnrealEd.ProjectPackagingSettings. Skipping parsing of this op.
Encountered an op not intended to be parsed based upon /Script/UnrealEd.ProjectPackagingSettings. Skipping parsing of this op.
Encountered an op not intended to be parsed based upon /Script/UnrealEd.ProjectPackagingSettings. Skipping parsing of this op.
Encountered an op not intended to be parsed based upon /Script/UnrealEd.ProjectPackagingSettings. Skipping parsing of this op.
Encountered an op not intended to be parsed based upon /Script/UnrealEd.ProjectPackagingSettings. Skipping parsing of this op.
Encountered an op not intended to be parsed based upon /Script/UnrealEd.ProjectPackagingSettings. Skipping parsing of this op.
Encountered an op not intended to be parsed based upon /Script/UnrealEd.ProjectPackagingSettings. Skipping parsing of this op.
Encountered an op not intended to be parsed based upon /Script/UnrealEd.ProjectPackagingSettings. Skipping parsing of this op.
Encountered an op not intended to be parsed based upon /Script/UnrealEd.ProjectPackagingSettings. Skipping parsing of this op.
Encountered an op not intended to be parsed based upon /Script/UnrealEd.ProjectPackagingSettings. Skipping parsing of this op.
Encountered an op not intended to be parsed based upon /Script/UnrealEd.ProjectPackagingSettings. Skipping parsing of this op.
Encountered an op not intended to be parsed based upon /Script/UnrealEd.ProjectPackagingSettings. Skipping parsing of this op.
Encountered an op not intended to be parsed based upon /Script/UnrealEd.ProjectPackagingSettings. Skipping parsing of this op.
Encountered an op not intended to be parsed based upon /Script/UnrealEd.ProjectPackagingSettings. Skipping parsing of this op.
Encountered an op not intended to be parsed based upon /Script/UnrealEd.ProjectPackagingSettings. Skipping parsing of this op.
Encountered an op not intended to be parsed based upon /Script/UnrealEd.ProjectPackagingSettings. Skipping parsing of this op.
Encountered an op not intended to be parsed based upon /Script/UnrealEd.ProjectPackagingSettings. Skipping parsing of this op.
Encountered an op not intended to be parsed based upon /Script/UnrealEd.ProjectPackagingSettings. Skipping parsing of this op.
Encountered an op not intended to be parsed based upon /Script/UnrealEd.ProjectPackagingSettings. Skipping parsing of this op.
Encountered an op not intended to be parsed based upon /Script/UnrealEd.ProjectPackagingSettings. Skipping parsing of this op.
Encountered an op not intended to be parsed based upon /Script/UnrealEd.ProjectPackagingSettings. Skipping parsing of this op.
Encountered an op not intended to be parsed based upon /Script/UnrealEd.ProjectPackagingSettings. Skipping parsing of this op.
Encountered an op not intended to be parsed based upon /Script/UnrealEd.ProjectPackagingSettings. Skipping parsing of this op.
Encountered an op not intended to be parsed based upon /Script/UnrealEd.ProjectPackagingSettings. Skipping parsing of this op.
Encountered an op not intended to be parsed based upon /Script/UnrealEd.ProjectPackagingSettings. Skipping parsing of this op.
Encountered an op not intended to be parsed based upon /Script/UnrealEd.ProjectPackagingSettings. Skipping parsing of this op.
Encountered an op not intended to be parsed based upon /Script/UnrealEd.ProjectPackagingSettings. Skipping parsing of this op.
Encountered an op not intended to be parsed based upon /Script/UnrealEd.ProjectPackagingSettings. Skipping parsing of this op.
Encountered an op not intended to be parsed based upon /Script/UnrealEd.ProjectPackagingSettings. Skipping parsing of this op.
Encountered an op not intended to be parsed based upon /Script/UnrealEd.ProjectPackagingSettings. Skipping parsing of this op.
Encountered an op not intended to be parsed based upon /Script/UnrealEd.ProjectPackagingSettings. Skipping parsing of this op.
Encountered an op not intended to be parsed based upon /Script/UnrealEd.ProjectPackagingSettings. Skipping parsing of this op.
Encountered an op not intended to be parsed based upon /Script/UnrealEd.ProjectPackagingSettings. Skipping parsing of this op.
Encountered an op not intended to be parsed based upon /Script/UnrealEd.ProjectPackagingSettings. Skipping parsing of this op.
Encountered an op not intended to be parsed based upon /Script/UnrealEd.ProjectPackagingSettings. Skipping parsing of this op.
Encountered an op not intended to be parsed based upon /Script/UnrealEd.ProjectPackagingSettings. Skipping parsing of this op.
Encountered an op not intended to be parsed based upon /Script/UnrealEd.ProjectPackagingSettings. Skipping parsing of this op.
Encountered an op not intended to be parsed based upon /Script/UnrealEd.ProjectPackagingSettings. Skipping parsing of this op.
Encountered an op not intended to be parsed based upon /Script/UnrealEd.ProjectPackagingSettings. Skipping parsing of this op.
Encountered an op not intended to be parsed based upon /Script/UnrealEd.ProjectPackagingSettings. Skipping parsing of this op.
Encountered an op not intended to be parsed based upon /Script/UnrealEd.ProjectPackagingSettings. Skipping parsing of this op.
Encountered an op not intended to be parsed based upon /Script/UnrealEd.ProjectPackagingSettings. Skipping parsing of this op.
Encountered an op not intended to be parsed based upon /Script/UnrealEd.ProjectPackagingSettings. Skipping parsing of this op.
Encountered an op not intended to be parsed based upon /Script/UnrealEd.ProjectPackagingSettings. Skipping parsing of this op.
Encountered an op not intended to be parsed based upon /Script/UnrealEd.ProjectPackagingSettings. Skipping parsing of this op.
Encountered an op not intended to be parsed based upon /Script/UnrealEd.ProjectPackagingSettings. Skipping parsing of this op.
Encountered an op not intended to be parsed based upon /Script/UnrealEd.ProjectPackagingSettings. Skipping parsing of this op.
Encountered an op not intended to be parsed based upon /Script/UnrealEd.ProjectPackagingSettings. Skipping parsing of this op.
Encountered an op not intended to be parsed based upon /Script/UnrealEd.ProjectPackagingSettings. Skipping parsing of this op.
Encountered an op not intended to be parsed based upon /Script/UnrealEd.ProjectPackagingSettings. Skipping parsing of this op.
Encountered an op not intended to be parsed based upon /Script/UnrealEd.ProjectPackagingSettings. Skipping parsing of this op.
Encountered an op not intended to be parsed based upon /Script/UnrealEd.ProjectPackagingSettings. Skipping parsing of this op.
Encountered an op not intended to be parsed based upon /Script/UnrealEd.ProjectPackagingSettings. Skipping parsing of this op.
Encountered an op not intended to be parsed based upon /Script/UnrealEd.ProjectPackagingSettings. Skipping parsing of this op.
Encountered an op not intended to be parsed based upon /Script/UnrealEd.ProjectPackagingSettings. Skipping parsing of this op.
Encountered an op not intended to be parsed based upon /Script/UnrealEd.ProjectPackagingSettings. Skipping parsing of this op.
Encountered an op not intended to be parsed based upon /Script/UnrealEd.ProjectPackagingSettings. Skipping parsing of this op.
Encountered an op not intended to be parsed based upon /Script/UnrealEd.ProjectPackagingSettings. Skipping parsing of this op.
Encountered an op not intended to be parsed based upon /Script/UnrealEd.ProjectPackagingSettings. Skipping parsing of this op.
Encountered an op not intended to be parsed based upon /Script/UnrealEd.ProjectPackagingSettings. Skipping parsing of this op.
Encountered an op not intended to be parsed based upon /Script/UnrealEd.ProjectPackagingSettings. Skipping parsing of this op.
Encountered an op not intended to be parsed based upon /Script/UnrealEd.ProjectPackagingSettings. Skipping parsing of this op.
Encountered an op not intended to be parsed based upon /Script/UnrealEd.ProjectPackagingSettings. Skipping parsing of this op.
Encountered an op not intended to be parsed based upon /Script/UnrealEd.ProjectPackagingSettings. Skipping parsing of this op.
Encountered an op not intended to be parsed based upon /Script/UnrealEd.ProjectPackagingSettings. Skipping parsing of this op.
Encountered an op not intended to be parsed based upon /Script/UnrealEd.ProjectPackagingSettings. Skipping parsing of this op.
Encountered an op not intended to be parsed based upon /Script/UnrealEd.ProjectPackagingSettings. Skipping parsing of this op.
Encountered an op not intended to be parsed based upon /Script/UnrealEd.ProjectPackagingSettings. Skipping parsing of this op.
Encountered an op not intended to be parsed based upon /Script/UnrealEd.ProjectPackagingSettings. Skipping parsing of this op.
Encountered an op not intended to be parsed based upon /Script/UnrealEd.ProjectPackagingSettings. Skipping parsing of this op.
Encountered an op not intended to be parsed based upon /Script/UnrealEd.ProjectPackagingSettings. Skipping parsing of this op.
Encountered an op not intended to be parsed based upon /Script/UnrealEd.ProjectPackagingSettings. Skipping parsing of this op.
Encountered an op not intended to be parsed based upon /Script/UnrealEd.ProjectPackagingSettings. Skipping parsing of this op.
Encountered an op not intended to be parsed based upon /Script/UnrealEd.ProjectPackagingSettings. Skipping parsing of this op.
Encountered an op not intended to be parsed based upon /Script/UnrealEd.ProjectPackagingSettings. Skipping parsing of this op.
Encountered an op not intended to be parsed based upon /Script/UnrealEd.ProjectPackagingSettings. Skipping parsing of this op.
Encountered an op not intended to be parsed based upon /Script/UnrealEd.ProjectPackagingSettings. Skipping parsing of this op.
Encountered an op not intended to be parsed based upon /Script/UnrealEd.ProjectPackagingSettings. Skipping parsing of this op.
Encountered an op not intended to be parsed based upon /Script/UnrealEd.ProjectPackagingSettings. Skipping parsing of this op.
Encountered an op not intended to be parsed based upon /Script/UnrealEd.ProjectPackagingSettings. Skipping parsing of this op.
Encountered an op not intended to be parsed based upon /Script/UnrealEd.ProjectPackagingSettings. Skipping parsing of this op.
Encountered an op not intended to be parsed based upon /Script/UnrealEd.ProjectPackagingSettings. Skipping parsing of this op.
Encountered an op not intended to be parsed based upon /Script/UnrealEd.ProjectPackagingSettings. Skipping parsing of this op.
Encountered an op not intended to be parsed based upon /Script/UnrealEd.ProjectPackagingSettings. Skipping parsing of this op.
Encountered an op not intended to be parsed based upon /Script/UnrealEd.ProjectPackagingSettings. Skipping parsing of this op.
Encountered an op not intended to be parsed based upon /Script/UnrealEd.ProjectPackagingSettings. Skipping parsing of this op.
Encountered an op not intended to be parsed based upon /Script/UnrealEd.ProjectPackagingSettings. Skipping parsing of this op.
Encountered an op not intended to be parsed based upon /Script/UnrealEd.ProjectPackagingSettings. Skipping parsing of this op.
Encountered an op not intended to be parsed based upon /Script/UnrealEd.ProjectPackagingSettings. Skipping parsing of this op.
Encountered an op not intended to be parsed based upon /Script/UnrealEd.ProjectPackagingSettings. Skipping parsing of this op.
Encountered an op not intended to be parsed based upon /Script/UnrealEd.ProjectPackagingSettings. Skipping parsing of this op.
Encountered an op not intended to be parsed based upon /Script/UnrealEd.ProjectPackagingSettings. Skipping parsing of this op.
Encountered an op not intended to be parsed based upon /Script/UnrealEd.ProjectPackagingSettings. Skipping parsing of this op.
Encountered an op not intended to be parsed based upon /Script/UnrealEd.ProjectPackagingSettings. Skipping parsing of this op.
Encountered an op not intended to be parsed based upon /Script/UnrealEd.ProjectPackagingSettings. Skipping parsing of this op.
Encountered an op not intended to be parsed based upon /Script/UnrealEd.ProjectPackagingSettings. Skipping parsing of this op.
Encountered an op not intended to be parsed based upon /Script/UnrealEd.ProjectPackagingSettings. Skipping parsing of this op.
Encountered an op not intended to be parsed based upon /Script/UnrealEd.ProjectPackagingSettings. Skipping parsing of this op.
Encountered an op not intended to be parsed based upon /Script/UnrealEd.ProjectPackagingSettings. Skipping parsing of this op.
Encountered an op not intended to be parsed based upon /Script/UnrealEd.ProjectPackagingSettings. Skipping parsing of this op.
Encountered an op not intended to be parsed based upon /Script/UnrealEd.ProjectPackagingSettings. Skipping parsing of this op.
Encountered an op not intended to be parsed based upon /Script/UnrealEd.ProjectPackagingSettings. Skipping parsing of this op.
Encountered an op not intended to be parsed based upon /Script/UnrealEd.ProjectPackagingSettings. Skipping parsing of this op.
Encountered an op not intended to be parsed based upon /Script/UnrealEd.ProjectPackagingSettings. Skipping parsing of this op.
Encountered an op not intended to be parsed based upon /Script/UnrealEd.ProjectPackagingSettings. Skipping parsing of this op.
Encountered an op not intended to be parsed based upon /Script/UnrealEd.ProjectPackagingSettings. Skipping parsing of this op.
Encountered an op not intended to be parsed based upon /Script/UnrealEd.ProjectPackagingSettings. Skipping parsing of this op.
Encountered an op not intended to be parsed based upon /Script/UnrealEd.ProjectPackagingSettings. Skipping parsing of this op.
Encountered an op not intended to be parsed based upon /Script/UnrealEd.ProjectPackagingSettings. Skipping parsing of this op.
Encountered an op not intended to be parsed based upon /Script/UnrealEd.ProjectPackagingSettings. Skipping parsing of this op.
Encountered an op not intended to be parsed based upon /Script/UnrealEd.ProjectPackagingSettings. Skipping parsing of this op.
Encountered an op not intended to be parsed based upon /Script/UnrealEd.ProjectPackagingSettings. Skipping parsing of this op.
Encountered an op not intended to be parsed based upon /Script/UnrealEd.ProjectPackagingSettings. Skipping parsing of this op.
Encountered an op not intended to be parsed based upon /Script/UnrealEd.ProjectPackagingSettings. Skipping parsing of this op.
Encountered an op not intended to be parsed based upon /Script/UnrealEd.ProjectPackagingSettings. Skipping parsing of this op.
Encountered an op not intended to be parsed based upon /Script/UnrealEd.ProjectPackagingSettings. Skipping parsing of this op.
Encountered an op not intended to be parsed based upon /Script/UnrealEd.ProjectPackagingSettings. Skipping parsing of this op.
Encountered an op not intended to be parsed based upon /Script/UnrealEd.ProjectPackagingSettings. Skipping parsing of this op.
Encountered an op not intended to be parsed based upon /Script/UnrealEd.ProjectPackagingSettings. Skipping parsing of this op.
Encountered an op not intended to be parsed based upon /Script/UnrealEd.ProjectPackagingSettings. Skipping parsing of this op.
Encountered an op not intended to be parsed based upon /Script/UnrealEd.ProjectPackagingSettings. Skipping parsing of this op.
Encountered an op not intended to be parsed based upon /Script/UnrealEd.ProjectPackagingSettings. Skipping parsing of this op.
Encountered an op not intended to be parsed based upon /Script/UnrealEd.ProjectPackagingSettings. Skipping parsing of this op.
Encountered an op not intended to be parsed based upon /Script/UnrealEd.ProjectPackagingSettings. Skipping parsing of this op.
Encountered an op not intended to be parsed based upon /Script/UnrealEd.ProjectPackagingSettings. Skipping parsing of this op.
Encountered an op not intended to be parsed based upon /Script/UnrealEd.ProjectPackagingSettings. Skipping parsing of this op.
Encountered an op not intended to be parsed based upon /Script/UnrealEd.ProjectPackagingSettings. Skipping parsing of this op.
Encountered an op not intended to be parsed based upon /Script/UnrealEd.ProjectPackagingSettings. Skipping parsing of this op.
Encountered an op not intended to be parsed based upon /Script/UnrealEd.ProjectPackagingSettings. Skipping parsing of this op.
Encountered an op not intended to be parsed based upon /Script/UnrealEd.ProjectPackagingSettings. Skipping parsing of this op.
Encountered an op not intended to be parsed based upon /Script/UnrealEd.ProjectPackagingSettings. Skipping parsing of this op.
Encountered an op not intended to be parsed based upon /Script/UnrealEd.ProjectPackagingSettings. Skipping parsing of this op.
Encountered an op not intended to be parsed based upon /Script/UnrealEd.ProjectPackagingSettings. Skipping parsing of this op.
Encountered an op not intended to be parsed based upon /Script/UnrealEd.ProjectPackagingSettings. Skipping parsing of this op.
Encountered an op not intended to be parsed based upon /Script/UnrealEd.ProjectPackagingSettings. Skipping parsing of this op.
Encountered an op not intended to be parsed based upon /Script/UnrealEd.ProjectPackagingSettings. Skipping parsing of this op.
Encountered an op not intended to be parsed based upon /Script/UnrealEd.ProjectPackagingSettings. Skipping parsing of this op.
Encountered an op not intended to be parsed based upon /Script/UnrealEd.ProjectPackagingSettings. Skipping parsing of this op.
Encountered an op not intended to be parsed based upon /Script/UnrealEd.ProjectPackagingSettings. Skipping parsing of this op.
Encountered an op not intended to be parsed based upon /Script/UnrealEd.ProjectPackagingSettings. Skipping parsing of this op.
Encountered an op not intended to be parsed based upon /Script/UnrealEd.ProjectPackagingSettings. Skipping parsing of this op.
Encountered an op not intended to be parsed based upon /Script/UnrealEd.ProjectPackagingSettings. Skipping parsing of this op.
Encountered an op not intended to be parsed based upon /Script/UnrealEd.ProjectPackagingSettings. Skipping parsing of this op.
Encountered an op not intended to be parsed based upon /Script/UnrealEd.ProjectPackagingSettings. Skipping parsing of this op.
Encountered an op not intended to be parsed based upon /Script/UnrealEd.ProjectPackagingSettings. Skipping parsing of this op.
Encountered an op not intended to be parsed based upon /Script/UnrealEd.ProjectPackagingSettings. Skipping parsing of this op.
Encountered an op not intended to be parsed based upon /Script/UnrealEd.ProjectPackagingSettings. Skipping parsing of this op.
Encountered an op not intended to be parsed based upon /Script/UnrealEd.ProjectPackagingSettings. Skipping parsing of this op.
Encountered an op not intended to be parsed based upon /Script/UnrealEd.ProjectPackagingSettings. Skipping parsing of this op.
Encountered an op not intended to be parsed based upon /Script/UnrealEd.ProjectPackagingSettings. Skipping parsing of this op.
Encountered an op not intended to be parsed based upon /Script/UnrealEd.ProjectPackagingSettings. Skipping parsing of this op.
Encountered an op not intended to be parsed based upon /Script/UnrealEd.ProjectPackagingSettings. Skipping parsing of this op.
Encountered an op not intended to be parsed based upon /Script/UnrealEd.ProjectPackagingSettings. Skipping parsing of this op.
Encountered an op not intended to be parsed based upon /Script/UnrealEd.ProjectPackagingSettings. Skipping parsing of this op.
Encountered an op not intended to be parsed based upon /Script/UnrealEd.ProjectPackagingSettings. Skipping parsing of this op.
Encountered an op not intended to be parsed based upon /Script/UnrealEd.ProjectPackagingSettings. Skipping parsing of this op.
Encountered an op not intended to be parsed based upon /Script/UnrealEd.ProjectPackagingSettings. Skipping parsing of this op.
Encountered an op not intended to be parsed based upon /Script/UnrealEd.ProjectPackagingSettings. Skipping parsing of this op.
Encountered an op not intended to be parsed based upon /Script/UnrealEd.ProjectPackagingSettings. Skipping parsing of this op.
Encountered an op not intended to be parsed based upon /Script/UnrealEd.ProjectPackagingSettings. Skipping parsing of this op.
Encountered an op not intended to be parsed based upon /Script/UnrealEd.ProjectPackagingSettings. Skipping parsing of this op.
Encountered an op not intended to be parsed based upon /Script/UnrealEd.ProjectPackagingSettings. Skipping parsing of this op.
Encountered an op not intended to be parsed based upon /Script/UnrealEd.ProjectPackagingSettings. Skipping parsing of this op.
Encountered an op not intended to be parsed based upon /Script/UnrealEd.ProjectPackagingSettings. Skipping parsing of this op.
Encountered an op not intended to be parsed based upon /Script/UnrealEd.ProjectPackagingSettings. Skipping parsing of this op.
Encountered an op not intended to be parsed based upon /Script/UnrealEd.ProjectPackagingSettings. Skipping parsing of this op.
Encountered an op not intended to be parsed based upon /Script/UnrealEd.ProjectPackagingSettings. Skipping parsing of this op.
Encountered an op not intended to be parsed based upon /Script/UnrealEd.ProjectPackagingSettings. Skipping parsing of this op.
Encountered an op not intended to be parsed based upon /Script/UnrealEd.ProjectPackagingSettings. Skipping parsing of this op.
Encountered an op not intended to be parsed based upon /Script/UnrealEd.ProjectPackagingSettings. Skipping parsing of this op.
Encountered an op not intended to be parsed based upon /Script/UnrealEd.ProjectPackagingSettings. Skipping parsing of this op.
Encountered an op not intended to be parsed based upon /Script/UnrealEd.ProjectPackagingSettings. Skipping parsing of this op.
Encountered an op not intended to be parsed based upon /Script/UnrealEd.ProjectPackagingSettings. Skipping parsing of this op.
Encountered an op not intended to be parsed based upon /Script/UnrealEd.ProjectPackagingSettings. Skipping parsing of this op.
Encountered an op not intended to be parsed based upon /Script/UnrealEd.ProjectPackagingSettings. Skipping parsing of this op.
Encountered an op not intended to be parsed based upon /Script/UnrealEd.ProjectPackagingSettings. Skipping parsing of this op.
Encountered an op not intended to be parsed based upon /Script/UnrealEd.ProjectPackagingSettings. Skipping parsing of this op.
Encountered an op not intended to be parsed based upon /Script/UnrealEd.ProjectPackagingSettings. Skipping parsing of this op.
Encountered an op not intended to be parsed based upon /Script/UnrealEd.ProjectPackagingSettings. Skipping parsing of this op.
Encountered an op not intended to be parsed based upon /Script/UnrealEd.ProjectPackagingSettings. Skipping parsing of this op.
Encountered an op not intended to be parsed based upon /Script/UnrealEd.ProjectPackagingSettings. Skipping parsing of this op.
Encountered an op not intended to be parsed based upon /Script/UnrealEd.ProjectPackagingSettings. Skipping parsing of this op.
Encountered an op not intended to be parsed based upon /Script/UnrealEd.ProjectPackagingSettings. Skipping parsing of this op.
Encountered an op not intended to be parsed based upon /Script/UnrealEd.ProjectPackagingSettings. Skipping parsing of this op.
Encountered an op not intended to be parsed based upon /Script/UnrealEd.ProjectPackagingSettings. Skipping parsing of this op.
Encountered an op not intended to be parsed based upon /Script/UnrealEd.ProjectPackagingSettings. Skipping parsing of this op.
Encountered an op not intended to be parsed based upon /Script/UnrealEd.ProjectPackagingSettings. Skipping parsing of this op.
Encountered an op not intended to be parsed based upon /Script/UnrealEd.ProjectPackagingSettings. Skipping parsing of this op.
Encountered an op not intended to be parsed based upon /Script/UnrealEd.ProjectPackagingSettings. Skipping parsing of this op.
Encountered an op not intended to be parsed based upon /Script/UnrealEd.ProjectPackagingSettings. Skipping parsing of this op.
Encountered an op not intended to be parsed based upon /Script/UnrealEd.ProjectPackagingSettings. Skipping parsing of this op.
Encountered an op not intended to be parsed based upon /Script/UnrealEd.ProjectPackagingSettings. Skipping parsing of this op.
Encountered an op not intended to be parsed based upon /Script/UnrealEd.ProjectPackagingSettings. Skipping parsing of this op.
Encountered an op not intended to be parsed based upon /Script/UnrealEd.ProjectPackagingSettings. Skipping parsing of this op.
Encountered an op not intended to be parsed based upon /Script/UnrealEd.ProjectPackagingSettings. Skipping parsing of this op.
Encountered an op not intended to be parsed based upon /Script/UnrealEd.ProjectPackagingSettings. Skipping parsing of this op.
Encountered an op not intended to be parsed based upon /Script/UnrealEd.ProjectPackagingSettings. Skipping parsing of this op.
Encountered an op not intended to be parsed based upon /Script/UnrealEd.ProjectPackagingSettings. Skipping parsing of this op.
Encountered an op not intended to be parsed based upon /Script/UnrealEd.ProjectPackagingSettings. Skipping parsing of this op.
Encountered an op not intended to be parsed based upon /Script/UnrealEd.ProjectPackagingSettings. Skipping parsing of this op.
Encountered an op not intended to be parsed based upon /Script/UnrealEd.ProjectPackagingSettings. Skipping parsing of this op.
Encountered an op not intended to be parsed based upon /Script/UnrealEd.ProjectPackagingSettings. Skipping parsing of this op.
Encountered an op not intended to be parsed based upon /Script/UnrealEd.ProjectPackagingSettings. Skipping parsing of this op.
Encountered an op not intended to be parsed based upon /Script/UnrealEd.ProjectPackagingSettings. Skipping parsing of this op.
Encountered an op not intended to be parsed based upon /Script/UnrealEd.ProjectPackagingSettings. Skipping parsing of this op.
Encountered an op not intended to be parsed based upon /Script/UnrealEd.ProjectPackagingSettings. Skipping parsing of this op.
Encountered an op not intended to be parsed based upon /Script/UnrealEd.ProjectPackagingSettings. Skipping parsing of this op.
Encountered an op not intended to be parsed based upon /Script/UnrealEd.ProjectPackagingSettings. Skipping parsing of this op.
Encountered an op not intended to be parsed based upon /Script/UnrealEd.ProjectPackagingSettings. Skipping parsing of this op.
Encountered an op not intended to be parsed based upon /Script/UnrealEd.ProjectPackagingSettings. Skipping parsing of this op.
Encountered an op not intended to be parsed based upon /Script/UnrealEd.ProjectPackagingSettings. Skipping parsing of this op.
Encountered an op not intended to be parsed based upon /Script/UnrealEd.ProjectPackagingSettings. Skipping parsing of this op.
Encountered an op not intended to be parsed based upon /Script/UnrealEd.ProjectPackagingSettings. Skipping parsing of this op.
Encountered an op not intended to be parsed based upon /Script/UnrealEd.ProjectPackagingSettings. Skipping parsing of this op.
Encountered an op not intended to be parsed based upon /Script/UnrealEd.ProjectPackagingSettings. Skipping parsing of this op.
Encountered an op not intended to be parsed based upon /Script/UnrealEd.ProjectPackagingSettings. Skipping parsing of this op.
Encountered an op not intended to be parsed based upon /Script/UnrealEd.ProjectPackagingSettings. Skipping parsing of this op.
Encountered an op not intended to be parsed based upon /Script/UnrealEd.ProjectPackagingSettings. Skipping parsing of this op.
Encountered an op not intended to be parsed based upon /Script/UnrealEd.ProjectPackagingSettings. Skipping parsing of this op.
Encountered an op not intended to be parsed based upon /Script/UnrealEd.ProjectPackagingSettings. Skipping parsing of this op.
Encountered an op not intended to be parsed based upon /Script/UnrealEd.ProjectPackagingSettings. Skipping parsing of this op.
Encountered an op not intended to be parsed based upon /Script/UnrealEd.ProjectPackagingSettings. Skipping parsing of this op.
Encountered an op not intended to be parsed based upon /Script/UnrealEd.ProjectPackagingSettings. Skipping parsing of this op.
Encountered an op not intended to be parsed based upon /Script/UnrealEd.ProjectPackagingSettings. Skipping parsing of this op.
Encountered an op not intended to be parsed based upon /Script/UnrealEd.ProjectPackagingSettings. Skipping parsing of this op.
Encountered an op not intended to be parsed based upon /Script/UnrealEd.ProjectPackagingSettings. Skipping parsing of this op.
Encountered an op not intended to be parsed based upon /Script/UnrealEd.ProjectPackagingSettings. Skipping parsing of this op.
Encountered an op not intended to be parsed based upon /Script/UnrealEd.ProjectPackagingSettings. Skipping parsing of this op.
Encountered an op not intended to be parsed based upon /Script/UnrealEd.ProjectPackagingSettings. Skipping parsing of this op.
Encountered an op not intended to be parsed based upon /Script/UnrealEd.ProjectPackagingSettings. Skipping parsing of this op.
Encountered an op not intended to be parsed based upon /Script/UnrealEd.ProjectPackagingSettings. Skipping parsing of this op.
Encountered an op not intended to be parsed based upon /Script/UnrealEd.ProjectPackagingSettings. Skipping parsing of this op.
Encountered an op not intended to be parsed based upon /Script/UnrealEd.ProjectPackagingSettings. Skipping parsing of this op.
Encountered an op not intended to be parsed based upon /Script/UnrealEd.ProjectPackagingSettings. Skipping parsing of this op.
Encountered an op not intended to be parsed based upon /Script/UnrealEd.ProjectPackagingSettings. Skipping parsing of this op.
Encountered an op not intended to be parsed based upon /Script/UnrealEd.ProjectPackagingSettings. Skipping parsing of this op.
Encountered an op not intended to be parsed based upon /Script/UnrealEd.ProjectPackagingSettings. Skipping parsing of this op.
Encountered an op not intended to be parsed based upon /Script/UnrealEd.ProjectPackagingSettings. Skipping parsing of this op.
Encountered an op not intended to be parsed based upon /Script/UnrealEd.ProjectPackagingSettings. Skipping parsing of this op.
Encountered an op not intended to be parsed based upon /Script/UnrealEd.ProjectPackagingSettings. Skipping parsing of this op.
Encountered an op not intended to be parsed based upon /Script/UnrealEd.ProjectPackagingSettings. Skipping parsing of this op.
Encountered an op not intended to be parsed based upon /Script/UnrealEd.ProjectPackagingSettings. Skipping parsing of this op.
Encountered an op not intended to be parsed based upon /Script/UnrealEd.ProjectPackagingSettings. Skipping parsing of this op.
Encountered an op not intended to be parsed based upon /Script/UnrealEd.ProjectPackagingSettings. Skipping parsing of this op.
Encountered an op not intended to be parsed based upon /Script/UnrealEd.ProjectPackagingSettings. Skipping parsing of this op.
Encountered an op not intended to be parsed based upon /Script/UnrealEd.ProjectPackagingSettings. Skipping parsing of this op.
Encountered an op not intended to be parsed based upon /Script/UnrealEd.ProjectPackagingSettings. Skipping parsing of this op.
Encountered an op not intended to be parsed based upon /Script/UnrealEd.ProjectPackagingSettings. Skipping parsing of this op.
Encountered an op not intended to be parsed based upon /Script/UnrealEd.ProjectPackagingSettings. Skipping parsing of this op.
Encountered an op not intended to be parsed based upon /Script/UnrealEd.ProjectPackagingSettings. Skipping parsing of this op.
Encountered an op not intended to be parsed based upon /Script/UnrealEd.ProjectPackagingSettings. Skipping parsing of this op.
Encountered an op not intended to be parsed based upon /Script/UnrealEd.ProjectPackagingSettings. Skipping parsing of this op.
Encountered an op not intended to be parsed based upon /Script/UnrealEd.ProjectPackagingSettings. Skipping parsing of this op.
Encountered an op not intended to be parsed based upon /Script/UnrealEd.ProjectPackagingSettings. Skipping parsing of this op.
Encountered an op not intended to be parsed based upon /Script/UnrealEd.ProjectPackagingSettings. Skipping parsing of this op.
Encountered an op not intended to be parsed based upon /Script/UnrealEd.ProjectPackagingSettings. Skipping parsing of this op.
Encountered an op not intended to be parsed based upon /Script/UnrealEd.ProjectPackagingSettings. Skipping parsing of this op.
Encountered an op not intended to be parsed based upon /Script/UnrealEd.ProjectPackagingSettings. Skipping parsing of this op.
Encountered an op not intended to be parsed based upon /Script/UnrealEd.ProjectPackagingSettings. Skipping parsing of this op.
Encountered an op not intended to be parsed based upon /Script/UnrealEd.ProjectPackagingSettings. Skipping parsing of this op.
Encountered an op not intended to be parsed based upon /Script/UnrealEd.ProjectPackagingSettings. Skipping parsing of this op.
Encountered an op not intended to be parsed based upon /Script/UnrealEd.ProjectPackagingSettings. Skipping parsing of this op.
Encountered an op not intended to be parsed based upon /Script/UnrealEd.ProjectPackagingSettings. Skipping parsing of this op.
Encountered an op not intended to be parsed based upon /Script/UnrealEd.ProjectPackagingSettings. Skipping parsing of this op.
Encountered an op not intended to be parsed based upon /Script/UnrealEd.ProjectPackagingSettings. Skipping parsing of this op.
Encountered an op not intended to be parsed based upon /Script/UnrealEd.ProjectPackagingSettings. Skipping parsing of this op.
Encountered an op not intended to be parsed based upon /Script/UnrealEd.ProjectPackagingSettings. Skipping parsing of this op.
Encountered an op not intended to be parsed based upon /Script/UnrealEd.ProjectPackagingSettings. Skipping parsing of this op.
Encountered an op not intended to be parsed based upon /Script/UnrealEd.ProjectPackagingSettings. Skipping parsing of this op.
Encountered an op not intended to be parsed based upon /Script/UnrealEd.ProjectPackagingSettings. Skipping parsing of this op.
Encountered an op not intended to be parsed based upon /Script/UnrealEd.ProjectPackagingSettings. Skipping parsing of this op.
Encountered an op not intended to be parsed based upon /Script/UnrealEd.ProjectPackagingSettings. Skipping parsing of this op.
Encountered an op not intended to be parsed based upon /Script/UnrealEd.ProjectPackagingSettings. Skipping parsing of this op.
Encountered an op not intended to be parsed based upon /Script/UnrealEd.ProjectPackagingSettings. Skipping parsing of this op.
Encountered an op not intended to be parsed based upon /Script/UnrealEd.ProjectPackagingSettings. Skipping parsing of this op.
Encountered an op not intended to be parsed based upon /Script/UnrealEd.ProjectPackagingSettings. Skipping parsing of this op.
Encountered an op not intended to be parsed based upon /Script/UnrealEd.ProjectPackagingSettings. Skipping parsing of this op.
Encountered an op not intended to be parsed based upon /Script/UnrealEd.ProjectPackagingSettings. Skipping parsing of this op.
Encountered an op not intended to be parsed based upon /Script/UnrealEd.ProjectPackagingSettings. Skipping parsing of this op.
Encountered an op not intended to be parsed based upon /Script/UnrealEd.ProjectPackagingSettings. Skipping parsing of this op.
Encountered an op not intended to be parsed based upon /Script/UnrealEd.ProjectPackagingSettings. Skipping parsing of this op.
Encountered an op not intended to be parsed based upon /Script/UnrealEd.ProjectPackagingSettings. Skipping parsing of this op.
Encountered an op not intended to be parsed based upon /Script/UnrealEd.ProjectPackagingSettings. Skipping parsing of this op.
Encountered an op not intended to be parsed based upon /Script/UnrealEd.ProjectPackagingSettings. Skipping parsing of this op.
Encountered an op not intended to be parsed based upon /Script/UnrealEd.ProjectPackagingSettings. Skipping parsing of this op.
Encountered an op not intended to be parsed based upon /Script/UnrealEd.ProjectPackagingSettings. Skipping parsing of this op.
Encountered an op not intended to be parsed based upon /Script/UnrealEd.ProjectPackagingSettings. Skipping parsing of this op.
Encountered an op not intended to be parsed based upon /Script/UnrealEd.ProjectPackagingSettings. Skipping parsing of this op.
Encountered an op not intended to be parsed based upon /Script/UnrealEd.ProjectPackagingSettings. Skipping parsing of this op.
Encountered an op not intended to be parsed based upon /Script/UnrealEd.ProjectPackagingSettings. Skipping parsing of this op.
Encountered an op not intended to be parsed based upon /Script/UnrealEd.ProjectPackagingSettings. Skipping parsing of this op.
Encountered an op not intended to be parsed based upon /Script/UnrealEd.ProjectPackagingSettings. Skipping parsing of this op.
Encountered an op not intended to be parsed based upon /Script/UnrealEd.ProjectPackagingSettings. Skipping parsing of this op.
Encountered an op not intended to be parsed based upon /Script/UnrealEd.ProjectPackagingSettings. Skipping parsing of this op.
Encountered an op not intended to be parsed based upon /Script/UnrealEd.ProjectPackagingSettings. Skipping parsing of this op.
Encountered an op not intended to be parsed based upon /Script/UnrealEd.ProjectPackagingSettings. Skipping parsing of this op.
Encountered an op not intended to be parsed based upon /Script/UnrealEd.ProjectPackagingSettings. Skipping parsing of this op.
Encountered an op not intended to be parsed based upon /Script/UnrealEd.ProjectPackagingSettings. Skipping parsing of this op.
Encountered an op not intended to be parsed based upon /Script/UnrealEd.ProjectPackagingSettings. Skipping parsing of this op.
Encountered an op not intended to be parsed based upon /Script/UnrealEd.ProjectPackagingSettings. Skipping parsing of this op.
Encountered an op not intended to be parsed based upon /Script/UnrealEd.ProjectPackagingSettings. Skipping parsing of this op.
Encountered an op not intended to be parsed based upon /Script/UnrealEd.ProjectPackagingSettings. Skipping parsing of this op.
Encountered an op not intended to be parsed based upon /Script/UnrealEd.ProjectPackagingSettings. Skipping parsing of this op.
Encountered an op not intended to be parsed based upon /Script/UnrealEd.ProjectPackagingSettings. Skipping parsing of this op.
Encountered an op not intended to be parsed based upon /Script/UnrealEd.ProjectPackagingSettings. Skipping parsing of this op.
Encountered an op not intended to be parsed based upon /Script/UnrealEd.ProjectPackagingSettings. Skipping parsing of this op.
Encountered an op not intended to be parsed based upon /Script/UnrealEd.ProjectPackagingSettings. Skipping parsing of this op.
Encountered an op not intended to be parsed based upon /Script/UnrealEd.ProjectPackagingSettings. Skipping parsing of this op.
Encountered an op not intended to be parsed based upon /Script/UnrealEd.ProjectPackagingSettings. Skipping parsing of this op.
Encountered an op not intended to be parsed based upon /Script/UnrealEd.ProjectPackagingSettings. Skipping parsing of this op.
Encountered an op not intended to be parsed based upon /Script/UnrealEd.ProjectPackagingSettings. Skipping parsing of this op.
Encountered an op not intended to be parsed based upon /Script/UnrealEd.ProjectPackagingSettings. Skipping parsing of this op.
Encountered an op not intended to be parsed based upon /Script/UnrealEd.ProjectPackagingSettings. Skipping parsing of this op.
Encountered an op not intended to be parsed based upon /Script/UnrealEd.ProjectPackagingSettings. Skipping parsing of this op.
Encountered an op not intended to be parsed based upon /Script/UnrealEd.ProjectPackagingSettings. Skipping parsing of this op.
Encountered an op not intended to be parsed based upon /Script/UnrealEd.ProjectPackagingSettings. Skipping parsing of this op.
Encountered an op not intended to be parsed based upon /Script/UnrealEd.ProjectPackagingSettings. Skipping parsing of this op.
Encountered an op not intended to be parsed based upon /Script/UnrealEd.ProjectPackagingSettings. Skipping parsing of this op.
Encountered an op not intended to be parsed based upon /Script/UnrealEd.ProjectPackagingSettings. Skipping parsing of this op.
Encountered an op not intended to be parsed based upon /Script/UnrealEd.ProjectPackagingSettings. Skipping parsing of this op.
Encountered an op not intended to be parsed based upon /Script/UnrealEd.ProjectPackagingSettings. Skipping parsing of this op.
Encountered an op not intended to be parsed based upon /Script/UnrealEd.ProjectPackagingSettings. Skipping parsing of this op.
Encountered an op not intended to be parsed based upon /Script/UnrealEd.ProjectPackagingSettings. Skipping parsing of this op.
Encountered an op not intended to be parsed based upon /Script/UnrealEd.ProjectPackagingSettings. Skipping parsing of this op.
Encountered an op not intended to be parsed based upon /Script/UnrealEd.ProjectPackagingSettings. Skipping parsing of this op.
Encountered an op not intended to be parsed based upon /Script/UnrealEd.ProjectPackagingSettings. Skipping parsing of this op.
Encountered an op not intended to be parsed based upon /Script/UnrealEd.ProjectPackagingSettings. Skipping parsing of this op.
Encountered an op not intended to be parsed based upon /Script/UnrealEd.ProjectPackagingSettings. Skipping parsing of this op.
Encountered an op not intended to be parsed based upon /Script/UnrealEd.ProjectPackagingSettings. Skipping parsing of this op.
Encountered an op not intended to be parsed based upon /Script/UnrealEd.ProjectPackagingSettings. Skipping parsing of this op.
Encountered an op not intended to be parsed based upon /Script/UnrealEd.ProjectPackagingSettings. Skipping parsing of this op.
Encountered an op not intended to be parsed based upon /Script/UnrealEd.ProjectPackagingSettings. Skipping parsing of this op.
Encountered an op not intended to be parsed based upon /Script/UnrealEd.ProjectPackagingSettings. Skipping parsing of this op.
Encountered an op not intended to be parsed based upon /Script/UnrealEd.ProjectPackagingSettings. Skipping parsing of this op.
Encountered an op not intended to be parsed based upon /Script/UnrealEd.ProjectPackagingSettings. Skipping parsing of this op.
Encountered an op not intended to be parsed based upon /Script/UnrealEd.ProjectPackagingSettings. Skipping parsing of this op.
Encountered an op not intended to be parsed based upon /Script/UnrealEd.ProjectPackagingSettings. Skipping parsing of this op.
Encountered an op not intended to be parsed based upon /Script/UnrealEd.ProjectPackagingSettings. Skipping parsing of this op.
Encountered an op not intended to be parsed based upon /Script/UnrealEd.ProjectPackagingSettings. Skipping parsing of this op.
Encountered an op not intended to be parsed based upon /Script/UnrealEd.ProjectPackagingSettings. Skipping parsing of this op.
Encountered an op not intended to be parsed based upon /Script/UnrealEd.ProjectPackagingSettings. Skipping parsing of this op.
Encountered an op not intended to be parsed based upon /Script/UnrealEd.ProjectPackagingSettings. Skipping parsing of this op.
Encountered an op not intended to be parsed based upon /Script/UnrealEd.ProjectPackagingSettings. Skipping parsing of this op.
Encountered an op not intended to be parsed based upon /Script/UnrealEd.ProjectPackagingSettings. Skipping parsing of this op.
Encountered an op not intended to be parsed based upon /Script/UnrealEd.ProjectPackagingSettings. Skipping parsing of this op.
Encountered an op not intended to be parsed based upon /Script/UnrealEd.ProjectPackagingSettings. Skipping parsing of this op.
Encountered an op not intended to be parsed based upon /Script/UnrealEd.ProjectPackagingSettings. Skipping parsing of this op.
Encountered an op not intended to be parsed based upon /Script/UnrealEd.ProjectPackagingSettings. Skipping parsing of this op.
Encountered an op not intended to be parsed based upon /Script/UnrealEd.ProjectPackagingSettings. Skipping parsing of this op.
Encountered an op not intended to be parsed based upon /Script/UnrealEd.ProjectPackagingSettings. Skipping parsing of this op.
Encountered an op not intended to be parsed based upon /Script/UnrealEd.ProjectPackagingSettings. Skipping parsing of this op.
Encountered an op not intended to be parsed based upon /Script/UnrealEd.ProjectPackagingSettings. Skipping parsing of this op.
Encountered an op not intended to be parsed based upon /Script/UnrealEd.ProjectPackagingSettings. Skipping parsing of this op.
Encountered an op not intended to be parsed based upon /Script/UnrealEd.ProjectPackagingSettings. Skipping parsing of this op.
Encountered an op not intended to be parsed based upon /Script/UnrealEd.ProjectPackagingSettings. Skipping parsing of this op.
Encountered an op not intended to be parsed based upon /Script/UnrealEd.ProjectPackagingSettings. Skipping parsing of this op.
Encountered an op not intended to be parsed based upon /Script/UnrealEd.ProjectPackagingSettings. Skipping parsing of this op.
Encountered an op not intended to be parsed based upon /Script/UnrealEd.ProjectPackagingSettings. Skipping parsing of this op.
Encountered an op not intended to be parsed based upon /Script/UnrealEd.ProjectPackagingSettings. Skipping parsing of this op.
Encountered an op not intended to be parsed based upon /Script/UnrealEd.ProjectPackagingSettings. Skipping parsing of this op.
Encountered an op not intended to be parsed based upon /Script/UnrealEd.ProjectPackagingSettings. Skipping parsing of this op.
Encountered an op not intended to be parsed based upon /Script/UnrealEd.ProjectPackagingSettings. Skipping parsing of this op.
Encountered an op not intended to be parsed based upon /Script/UnrealEd.ProjectPackagingSettings. Skipping parsing of this op.
Encountered an op not intended to be parsed based upon /Script/UnrealEd.ProjectPackagingSettings. Skipping parsing of this op.
Encountered an op not intended to be parsed based upon /Script/UnrealEd.ProjectPackagingSettings. Skipping parsing of this op.
Encountered an op not intended to be parsed based upon /Script/UnrealEd.ProjectPackagingSettings. Skipping parsing of this op.
Encountered an op not intended to be parsed based upon /Script/UnrealEd.ProjectPackagingSettings. Skipping parsing of this op.
Encountered an op not intended to be parsed based upon /Script/UnrealEd.ProjectPackagingSettings. Skipping parsing of this op.
Encountered an op not intended to be parsed based upon /Script/UnrealEd.ProjectPackagingSettings. Skipping parsing of this op.
Encountered an op not intended to be parsed based upon /Script/UnrealEd.ProjectPackagingSettings. Skipping parsing of this op.
Encountered an op not intended to be parsed based upon /Script/UnrealEd.ProjectPackagingSettings. Skipping parsing of this op.
Encountered an op not intended to be parsed based upon /Script/UnrealEd.ProjectPackagingSettings. Skipping parsing of this op.
Encountered an op not intended to be parsed based upon /Script/UnrealEd.ProjectPackagingSettings. Skipping parsing of this op.
Encountered an op not intended to be parsed based upon /Script/UnrealEd.ProjectPackagingSettings. Skipping parsing of this op.
Encountered an op not intended to be parsed based upon /Script/UnrealEd.ProjectPackagingSettings. Skipping parsing of this op.
Encountered an op not intended to be parsed based upon /Script/UnrealEd.ProjectPackagingSettings. Skipping parsing of this op.
Encountered an op not intended to be parsed based upon /Script/UnrealEd.ProjectPackagingSettings. Skipping parsing of this op.
Encountered an op not intended to be parsed based upon /Script/UnrealEd.ProjectPackagingSettings. Skipping parsing of this op.
Encountered an op not intended to be parsed based upon /Script/UnrealEd.ProjectPackagingSettings. Skipping parsing of this op.
Encountered an op not intended to be parsed based upon /Script/UnrealEd.ProjectPackagingSettings. Skipping parsing of this op.
Encountered an op not intended to be parsed based upon /Script/UnrealEd.ProjectPackagingSettings. Skipping parsing of this op.
Encountered an op not intended to be parsed based upon /Script/UnrealEd.ProjectPackagingSettings. Skipping parsing of this op.
Encountered an op not intended to be parsed based upon /Script/UnrealEd.ProjectPackagingSettings. Skipping parsing of this op.
Encountered an op not intended to be parsed based upon /Script/UnrealEd.ProjectPackagingSettings. Skipping parsing of this op.
Encountered an op not intended to be parsed based upon /Script/UnrealEd.ProjectPackagingSettings. Skipping parsing of this op.
Encountered an op not intended to be parsed based upon /Script/UnrealEd.ProjectPackagingSettings. Skipping parsing of this op.
Encountered an op not intended to be parsed based upon /Script/UnrealEd.ProjectPackagingSettings. Skipping parsing of this op.
Encountered an op not intended to be parsed based upon /Script/UnrealEd.ProjectPackagingSettings. Skipping parsing of this op.
Encountered an op not intended to be parsed based upon /Script/UnrealEd.ProjectPackagingSettings. Skipping parsing of this op.
Encountered an op not intended to be parsed based upon /Script/UnrealEd.ProjectPackagingSettings. Skipping parsing of this op.
Encountered an op not intended to be parsed based upon /Script/UnrealEd.ProjectPackagingSettings. Skipping parsing of this op.
Encountered an op not intended to be parsed based upon /Script/UnrealEd.ProjectPackagingSettings. Skipping parsing of this op.
Encountered an op not intended to be parsed based upon /Script/UnrealEd.ProjectPackagingSettings. Skipping parsing of this op.
Encountered an op not intended to be parsed based upon /Script/UnrealEd.ProjectPackagingSettings. Skipping parsing of this op.
Encountered an op not intended to be parsed based upon /Script/UnrealEd.ProjectPackagingSettings. Skipping parsing of this op.
Encountered an op not intended to be parsed based upon /Script/UnrealEd.ProjectPackagingSettings. Skipping parsing of this op.
Encountered an op not intended to be parsed based upon /Script/UnrealEd.ProjectPackagingSettings. Skipping parsing of this op.
Encountered an op not intended to be parsed based upon /Script/UnrealEd.ProjectPackagingSettings. Skipping parsing of this op.
Encountered an op not intended to be parsed based upon /Script/UnrealEd.ProjectPackagingSettings. Skipping parsing of this op.
Encountered an op not intended to be parsed based upon /Script/UnrealEd.ProjectPackagingSettings. Skipping parsing of this op.
Encountered an op not intended to be parsed based upon /Script/UnrealEd.ProjectPackagingSettings. Skipping parsing of this op.
Encountered an op not intended to be parsed based upon /Script/UnrealEd.ProjectPackagingSettings. Skipping parsing of this op.
Encountered an op not intended to be parsed based upon /Script/UnrealEd.ProjectPackagingSettings. Skipping parsing of this op.
Encountered an op not intended to be parsed based upon /Script/UnrealEd.ProjectPackagingSettings. Skipping parsing of this op.
Encountered an op not intended to be parsed based upon /Script/UnrealEd.ProjectPackagingSettings. Skipping parsing of this op.
Encountered an op not intended to be parsed based upon /Script/UnrealEd.ProjectPackagingSettings. Skipping parsing of this op.
Encountered an op not intended to be parsed based upon /Script/UnrealEd.ProjectPackagingSettings. Skipping parsing of this op.
Encountered an op not intended to be parsed based upon /Script/UnrealEd.ProjectPackagingSettings. Skipping parsing of this op.
Encountered an op not intended to be parsed based upon /Script/UnrealEd.ProjectPackagingSettings. Skipping parsing of this op.
Encountered an op not intended to be parsed based upon /Script/UnrealEd.ProjectPackagingSettings. Skipping parsing of this op.
Encountered an op not intended to be parsed based upon /Script/UnrealEd.ProjectPackagingSettings. Skipping parsing of this op.
Encountered an op not intended to be parsed based upon /Script/UnrealEd.ProjectPackagingSettings. Skipping parsing of this op.
Encountered an op not intended to be parsed based upon /Script/UnrealEd.ProjectPackagingSettings. Skipping parsing of this op.
Encountered an op not intended to be parsed based upon /Script/UnrealEd.ProjectPackagingSettings. Skipping parsing of this op.
Encountered an op not intended to be parsed based upon /Script/UnrealEd.ProjectPackagingSettings. Skipping parsing of this op.
Encountered an op not intended to be parsed based upon /Script/UnrealEd.ProjectPackagingSettings. Skipping parsing of this op.
Encountered an op not intended to be parsed based upon /Script/UnrealEd.ProjectPackagingSettings. Skipping parsing of this op.
Encountered an op not intended to be parsed based upon /Script/UnrealEd.ProjectPackagingSettings. Skipping parsing of this op.
Encountered an op not intended to be parsed based upon /Script/UnrealEd.ProjectPackagingSettings. Skipping parsing of this op.
Encountered an op not intended to be parsed based upon /Script/UnrealEd.ProjectPackagingSettings. Skipping parsing of this op.
Encountered an op not intended to be parsed based upon /Script/UnrealEd.ProjectPackagingSettings. Skipping parsing of this op.
Encountered an op not intended to be parsed based upon /Script/UnrealEd.ProjectPackagingSettings. Skipping parsing of this op.
Encountered an op not intended to be parsed based upon /Script/UnrealEd.ProjectPackagingSettings. Skipping parsing of this op.
Encountered an op not intended to be parsed based upon /Script/UnrealEd.ProjectPackagingSettings. Skipping parsing of this op.
Encountered an op not intended to be parsed based upon /Script/UnrealEd.ProjectPackagingSettings. Skipping parsing of this op.
Encountered an op not intended to be parsed based upon /Script/UnrealEd.ProjectPackagingSettings. Skipping parsing of this op.
Encountered an op not intended to be parsed based upon /Script/UnrealEd.ProjectPackagingSettings. Skipping parsing of this op.
Encountered an op not intended to be parsed based upon /Script/UnrealEd.ProjectPackagingSettings. Skipping parsing of this op.
Encountered an op not intended to be parsed based upon /Script/UnrealEd.ProjectPackagingSettings. Skipping parsing of this op.
Encountered an op not intended to be parsed based upon /Script/UnrealEd.ProjectPackagingSettings. Skipping parsing of this op.
Encountered an op not intended to be parsed based upon /Script/UnrealEd.ProjectPackagingSettings. Skipping parsing of this op.
Encountered an op not intended to be parsed based upon /Script/UnrealEd.ProjectPackagingSettings. Skipping parsing of this op.
Encountered an op not intended to be parsed based upon /Script/UnrealEd.ProjectPackagingSettings. Skipping parsing of this op.
Encountered an op not intended to be parsed based upon /Script/UnrealEd.ProjectPackagingSettings. Skipping parsing of this op.
Encountered an op not intended to be parsed based upon /Script/UnrealEd.ProjectPackagingSettings. Skipping parsing of this op.
Encountered an op not intended to be parsed based upon /Script/UnrealEd.ProjectPackagingSettings. Skipping parsing of this op.
Encountered an op not intended to be parsed based upon /Script/UnrealEd.ProjectPackagingSettings. Skipping parsing of this op.
Encountered an op not intended to be parsed based upon /Script/UnrealEd.ProjectPackagingSettings. Skipping parsing of this op.
Encountered an op not intended to be parsed based upon /Script/UnrealEd.ProjectPackagingSettings. Skipping parsing of this op.
Encountered an op not intended to be parsed based upon /Script/UnrealEd.ProjectPackagingSettings. Skipping parsing of this op.
Encountered an op not intended to be parsed based upon /Script/UnrealEd.ProjectPackagingSettings. Skipping parsing of this op.
Encountered an op not intended to be parsed based upon /Script/UnrealEd.ProjectPackagingSettings. Skipping parsing of this op.
Encountered an op not intended to be parsed based upon /Script/UnrealEd.ProjectPackagingSettings. Skipping parsing of this op.
Encountered an op not intended to be parsed based upon /Script/UnrealEd.ProjectPackagingSettings. Skipping parsing of this op.
Encountered an op not intended to be parsed based upon /Script/UnrealEd.ProjectPackagingSettings. Skipping parsing of this op.
Encountered an op not intended to be parsed based upon /Script/UnrealEd.ProjectPackagingSettings. Skipping parsing of this op.
Encountered an op not intended to be parsed based upon /Script/UnrealEd.ProjectPackagingSettings. Skipping parsing of this op.
Encountered an op not intended to be parsed based upon /Script/UnrealEd.ProjectPackagingSettings. Skipping parsing of this op.
Encountered an op not intended to be parsed based upon /Script/UnrealEd.ProjectPackagingSettings. Skipping parsing of this op.
Encountered an op not intended to be parsed based upon /Script/UnrealEd.ProjectPackagingSettings. Skipping parsing of this op.
Encountered an op not intended to be parsed based upon /Script/UnrealEd.ProjectPackagingSettings. Skipping parsing of this op.
Encountered an op not intended to be parsed based upon /Script/UnrealEd.ProjectPackagingSettings. Skipping parsing of this op.
Encountered an op not intended to be parsed based upon /Script/UnrealEd.ProjectPackagingSettings. Skipping parsing of this op.
Encountered an op not intended to be parsed based upon /Script/UnrealEd.ProjectPackagingSettings. Skipping parsing of this op.
Encountered an op not intended to be parsed based upon /Script/UnrealEd.ProjectPackagingSettings. Skipping parsing of this op.
Encountered an op not intended to be parsed based upon /Script/UnrealEd.ProjectPackagingSettings. Skipping parsing of this op.
Encountered an op not intended to be parsed based upon /Script/UnrealEd.ProjectPackagingSettings. Skipping parsing of this op.
Encountered an op not intended to be parsed based upon /Script/UnrealEd.ProjectPackagingSettings. Skipping parsing of this op.
Encountered an op not intended to be parsed based upon /Script/UnrealEd.ProjectPackagingSettings. Skipping parsing of this op.
Encountered an op not intended to be parsed based upon /Script/UnrealEd.ProjectPackagingSettings. Skipping parsing of this op.
Encountered an op not intended to be parsed based upon /Script/UnrealEd.ProjectPackagingSettings. Skipping parsing of this op.
Encountered an op not intended to be parsed based upon /Script/UnrealEd.ProjectPackagingSettings. Skipping parsing of this op.
Encountered an op not intended to be parsed based upon /Script/UnrealEd.ProjectPackagingSettings. Skipping parsing of this op.
Encountered an op not intended to be parsed based upon /Script/UnrealEd.ProjectPackagingSettings. Skipping parsing of this op.
Encountered an op not intended to be parsed based upon /Script/UnrealEd.ProjectPackagingSettings. Skipping parsing of this op.
Encountered an op not intended to be parsed based upon /Script/UnrealEd.ProjectPackagingSettings. Skipping parsing of this op.
Encountered an op not intended to be parsed based upon /Script/UnrealEd.ProjectPackagingSettings. Skipping parsing of this op.
Encountered an op not intended to be parsed based upon /Script/UnrealEd.ProjectPackagingSettings. Skipping parsing of this op.
Encountered an op not intended to be parsed based upon /Script/UnrealEd.ProjectPackagingSettings. Skipping parsing of this op.
Encountered an op not intended to be parsed based upon /Script/UnrealEd.ProjectPackagingSettings. Skipping parsing of this op.
Encountered an op not intended to be parsed based upon /Script/UnrealEd.ProjectPackagingSettings. Skipping parsing of this op.
Encountered an op not intended to be parsed based upon /Script/UnrealEd.ProjectPackagingSettings. Skipping parsing of this op.
Encountered an op not intended to be parsed based upon /Script/UnrealEd.ProjectPackagingSettings. Skipping parsing of this op.
Encountered an op not intended to be parsed based upon /Script/UnrealEd.ProjectPackagingSettings. Skipping parsing of this op.
Encountered an op not intended to be parsed based upon /Script/UnrealEd.ProjectPackagingSettings. Skipping parsing of this op.
Encountered an op not intended to be parsed based upon /Script/UnrealEd.ProjectPackagingSettings. Skipping parsing of this op.
Encountered an op not intended to be parsed based upon /Script/UnrealEd.ProjectPackagingSettings. Skipping parsing of this op.
Encountered an op not intended to be parsed based upon /Script/UnrealEd.ProjectPackagingSettings. Skipping parsing of this op.
Encountered an op not intended to be parsed based upon /Script/UnrealEd.ProjectPackagingSettings. Skipping parsing of this op.
Encountered an op not intended to be parsed based upon /Script/UnrealEd.ProjectPackagingSettings. Skipping parsing of this op.
Encountered an op not intended to be parsed based upon /Script/UnrealEd.ProjectPackagingSettings. Skipping parsing of this op.
Encountered an op not intended to be parsed based upon /Script/UnrealEd.ProjectPackagingSettings. Skipping parsing of this op.
Encountered an op not intended to be parsed based upon /Script/UnrealEd.ProjectPackagingSettings. Skipping parsing of this op.
Encountered an op not intended to be parsed based upon /Script/UnrealEd.ProjectPackagingSettings. Skipping parsing of this op.
Encountered an op not intended to be parsed based upon /Script/UnrealEd.ProjectPackagingSettings. Skipping parsing of this op.
Encountered an op not intended to be parsed based upon /Script/UnrealEd.ProjectPackagingSettings. Skipping parsing of this op.
Encountered an op not intended to be parsed based upon /Script/UnrealEd.ProjectPackagingSettings. Skipping parsing of this op.
Encountered an op not intended to be parsed based upon /Script/UnrealEd.ProjectPackagingSettings. Skipping parsing of this op.
Encountered an op not intended to be parsed based upon /Script/UnrealEd.ProjectPackagingSettings. Skipping parsing of this op.
Encountered an op not intended to be parsed based upon /Script/UnrealEd.ProjectPackagingSettings. Skipping parsing of this op.
Encountered an op not intended to be parsed based upon /Script/UnrealEd.ProjectPackagingSettings. Skipping parsing of this op.
Encountered an op not intended to be parsed based upon /Script/UnrealEd.ProjectPackagingSettings. Skipping parsing of this op.
Encountered an op not intended to be parsed based upon /Script/UnrealEd.ProjectPackagingSettings. Skipping parsing of this op.
Encountered an op not intended to be parsed based upon /Script/UnrealEd.ProjectPackagingSettings. Skipping parsing of this op.
Encountered an op not intended to be parsed based upon /Script/UnrealEd.ProjectPackagingSettings. Skipping parsing of this op.
Encountered an op not intended to be parsed based upon /Script/UnrealEd.ProjectPackagingSettings. Skipping parsing of this op.
Encountered an op not intended to be parsed based upon /Script/UnrealEd.ProjectPackagingSettings. Skipping parsing of this op.
Encountered an op not intended to be parsed based upon /Script/UnrealEd.ProjectPackagingSettings. Skipping parsing of this op.
Encountered an op not intended to be parsed based upon /Script/UnrealEd.ProjectPackagingSettings. Skipping parsing of this op.
Encountered an op not intended to be parsed based upon /Script/UnrealEd.ProjectPackagingSettings. Skipping parsing of this op.
Encountered an op not intended to be parsed based upon /Script/UnrealEd.ProjectPackagingSettings. Skipping parsing of this op.
Encountered an op not intended to be parsed based upon /Script/UnrealEd.ProjectPackagingSettings. Skipping parsing of this op.
Encountered an op not intended to be parsed based upon /Script/UnrealEd.ProjectPackagingSettings. Skipping parsing of this op.
Encountered an op not intended to be parsed based upon /Script/UnrealEd.ProjectPackagingSettings. Skipping parsing of this op.
Encountered an op not intended to be parsed based upon /Script/UnrealEd.ProjectPackagingSettings. Skipping parsing of this op.
Encountered an op not intended to be parsed based upon /Script/UnrealEd.ProjectPackagingSettings. Skipping parsing of this op.
Encountered an op not intended to be parsed based upon /Script/UnrealEd.ProjectPackagingSettings. Skipping parsing of this op.
Encountered an op not intended to be parsed based upon /Script/UnrealEd.ProjectPackagingSettings. Skipping parsing of this op.
Encountered an op not intended to be parsed based upon /Script/UnrealEd.ProjectPackagingSettings. Skipping parsing of this op.
Encountered an op not intended to be parsed based upon /Script/UnrealEd.ProjectPackagingSettings. Skipping parsing of this op.
Encountered an op not intended to be parsed based upon /Script/UnrealEd.ProjectPackagingSettings. Skipping parsing of this op.
Encountered an op not intended to be parsed based upon /Script/UnrealEd.ProjectPackagingSettings. Skipping parsing of this op.
Encountered an op not intended to be parsed based upon /Script/UnrealEd.ProjectPackagingSettings. Skipping parsing of this op.
Encountered an op not intended to be parsed based upon /Script/UnrealEd.ProjectPackagingSettings. Skipping parsing of this op.
Encountered an op not intended to be parsed based upon /Script/UnrealEd.ProjectPackagingSettings. Skipping parsing of this op.
Encountered an op not intended to be parsed based upon /Script/UnrealEd.ProjectPackagingSettings. Skipping parsing of this op.
Encountered an op not intended to be parsed based upon /Script/UnrealEd.ProjectPackagingSettings. Skipping parsing of this op.
Encountered an op not intended to be parsed based upon /Script/UnrealEd.ProjectPackagingSettings. Skipping parsing of this op.
Encountered an op not intended to be parsed based upon /Script/UnrealEd.ProjectPackagingSettings. Skipping parsing of this op.
Encountered an op not intended to be parsed based upon /Script/UnrealEd.ProjectPackagingSettings. Skipping parsing of this op.
Encountered an op not intended to be parsed based upon /Script/UnrealEd.ProjectPackagingSettings. Skipping parsing of this op.
Encountered an op not intended to be parsed based upon /Script/UnrealEd.ProjectPackagingSettings. Skipping parsing of this op.
Encountered an op not intended to be parsed based upon /Script/UnrealEd.ProjectPackagingSettings. Skipping parsing of this op.
Encountered an op not intended to be parsed based upon /Script/UnrealEd.ProjectPackagingSettings. Skipping parsing of this op.
Encountered an op not intended to be parsed based upon /Script/UnrealEd.ProjectPackagingSettings. Skipping parsing of this op.
Encountered an op not intended to be parsed based upon /Script/UnrealEd.ProjectPackagingSettings. Skipping parsing of this op.
Encountered an op not intended to be parsed based upon /Script/UnrealEd.ProjectPackagingSettings. Skipping parsing of this op.
Encountered an op not intended to be parsed based upon /Script/UnrealEd.ProjectPackagingSettings. Skipping parsing of this op.
Encountered an op not intended to be parsed based upon /Script/UnrealEd.ProjectPackagingSettings. Skipping parsing of this op.
Encountered an op not intended to be parsed based upon /Script/UnrealEd.ProjectPackagingSettings. Skipping parsing of this op.
Encountered an op not intended to be parsed based upon /Script/UnrealEd.ProjectPackagingSettings. Skipping parsing of this op.
Encountered an op not intended to be parsed based upon /Script/UnrealEd.ProjectPackagingSettings. Skipping parsing of this op.
Encountered an op not intended to be parsed based upon /Script/UnrealEd.ProjectPackagingSettings. Skipping parsing of this op.
Encountered an op not intended to be parsed based upon /Script/UnrealEd.ProjectPackagingSettings. Skipping parsing of this op.
Encountered an op not intended to be parsed based upon /Script/UnrealEd.ProjectPackagingSettings. Skipping parsing of this op.
Encountered an op not intended to be parsed based upon /Script/UnrealEd.ProjectPackagingSettings. Skipping parsing of this op.
Encountered an op not intended to be parsed based upon /Script/UnrealEd.ProjectPackagingSettings. Skipping parsing of this op.
Encountered an op not intended to be parsed based upon /Script/UnrealEd.ProjectPackagingSettings. Skipping parsing of this op.
Encountered an op not intended to be parsed based upon /Script/UnrealEd.ProjectPackagingSettings. Skipping parsing of this op.
Encountered an op not intended to be parsed based upon /Script/UnrealEd.ProjectPackagingSettings. Skipping parsing of this op.
Encountered an op not intended to be parsed based upon /Script/UnrealEd.ProjectPackagingSettings. Skipping parsing of this op.
Encountered an op not intended to be parsed based upon /Script/UnrealEd.ProjectPackagingSettings. Skipping parsing of this op.
Encountered an op not intended to be parsed based upon /Script/UnrealEd.ProjectPackagingSettings. Skipping parsing of this op.
Encountered an op not intended to be parsed based upon /Script/UnrealEd.ProjectPackagingSettings. Skipping parsing of this op.
Encountered an op not intended to be parsed based upon /Script/UnrealEd.ProjectPackagingSettings. Skipping parsing of this op.
Encountered an op not intended to be parsed based upon /Script/UnrealEd.ProjectPackagingSettings. Skipping parsing of this op.
Encountered an op not intended to be parsed based upon /Script/UnrealEd.ProjectPackagingSettings. Skipping parsing of this op.
Encountered an op not intended to be parsed based upon /Script/UnrealEd.ProjectPackagingSettings. Skipping parsing of this op.
Encountered an op not intended to be parsed based upon /Script/UnrealEd.ProjectPackagingSettings. Skipping parsing of this op.
Encountered an op not intended to be parsed based upon /Script/UnrealEd.ProjectPackagingSettings. Skipping parsing of this op.
Encountered an op not intended to be parsed based upon /Script/UnrealEd.ProjectPackagingSettings. Skipping parsing of this op.
Encountered an op not intended to be parsed based upon /Script/UnrealEd.ProjectPackagingSettings. Skipping parsing of this op.
Encountered an op not intended to be parsed based upon /Script/UnrealEd.ProjectPackagingSettings. Skipping parsing of this op.
Encountered an op not intended to be parsed based upon /Script/UnrealEd.ProjectPackagingSettings. Skipping parsing of this op.
Encountered an op not intended to be parsed based upon /Script/UnrealEd.ProjectPackagingSettings. Skipping parsing of this op.
Encountered an op not intended to be parsed based upon /Script/UnrealEd.ProjectPackagingSettings. Skipping parsing of this op.
Encountered an op not intended to be parsed based upon /Script/UnrealEd.ProjectPackagingSettings. Skipping parsing of this op.
Encountered an op not intended to be parsed based upon /Script/UnrealEd.ProjectPackagingSettings. Skipping parsing of this op.
Encountered an op not intended to be parsed based upon /Script/UnrealEd.ProjectPackagingSettings. Skipping parsing of this op.
Encountered an op not intended to be parsed based upon /Script/UnrealEd.ProjectPackagingSettings. Skipping parsing of this op.
Encountered an op not intended to be parsed based upon /Script/UnrealEd.ProjectPackagingSettings. Skipping parsing of this op.
Encountered an op not intended to be parsed based upon /Script/UnrealEd.ProjectPackagingSettings. Skipping parsing of this op.
Encountered an op not intended to be parsed based upon /Script/UnrealEd.ProjectPackagingSettings. Skipping parsing of this op.
Encountered an op not intended to be parsed based upon /Script/UnrealEd.ProjectPackagingSettings. Skipping parsing of this op.
Encountered an op not intended to be parsed based upon /Script/UnrealEd.ProjectPackagingSettings. Skipping parsing of this op.
Encountered an op not intended to be parsed based upon /Script/UnrealEd.ProjectPackagingSettings. Skipping parsing of this op.
Encountered an op not intended to be parsed based upon /Script/UnrealEd.ProjectPackagingSettings. Skipping parsing of this op.
Encountered an op not intended to be parsed based upon /Script/UnrealEd.ProjectPackagingSettings. Skipping parsing of this op.
Encountered an op not intended to be parsed based upon /Script/UnrealEd.ProjectPackagingSettings. Skipping parsing of this op.
Encountered an op not intended to be parsed based upon /Script/UnrealEd.ProjectPackagingSettings. Skipping parsing of this op.
Encountered an op not intended to be parsed based upon /Script/UnrealEd.ProjectPackagingSettings. Skipping parsing of this op.
Encountered an op not intended to be parsed based upon /Script/UnrealEd.ProjectPackagingSettings. Skipping parsing of this op.
Encountered an op not intended to be parsed based upon /Script/UnrealEd.ProjectPackagingSettings. Skipping parsing of this op.
Encountered an op not intended to be parsed based upon /Script/UnrealEd.ProjectPackagingSettings. Skipping parsing of this op.
Encountered an op not intended to be parsed based upon /Script/UnrealEd.ProjectPackagingSettings. Skipping parsing of this op.
Encountered an op not intended to be parsed based upon /Script/UnrealEd.ProjectPackagingSettings. Skipping parsing of this op.
Encountered an op not intended to be parsed based upon /Script/UnrealEd.ProjectPackagingSettings. Skipping parsing of this op.
Encountered an op not intended to be parsed based upon /Script/UnrealEd.ProjectPackagingSettings. Skipping parsing of this op.
Encountered an op not intended to be parsed based upon /Script/UnrealEd.ProjectPackagingSettings. Skipping parsing of this op.
Encountered an op not intended to be parsed based upon /Script/UnrealEd.ProjectPackagingSettings. Skipping parsing of this op.
Encountered an op not intended to be parsed based upon /Script/UnrealEd.ProjectPackagingSettings. Skipping parsing of this op.
Encountered an op not intended to be parsed based upon /Script/UnrealEd.ProjectPackagingSettings. Skipping parsing of this op.
Encountered an op not intended to be parsed based upon /Script/UnrealEd.ProjectPackagingSettings. Skipping parsing of this op.
Encountered an op not intended to be parsed based upon /Script/UnrealEd.ProjectPackagingSettings. Skipping parsing of this op.
Encountered an op not intended to be parsed based upon /Script/UnrealEd.ProjectPackagingSettings. Skipping parsing of this op.
Encountered an op not intended to be parsed based upon /Script/UnrealEd.ProjectPackagingSettings. Skipping parsing of this op.
Encountered an op not intended to be parsed based upon /Script/UnrealEd.ProjectPackagingSettings. Skipping parsing of this op.
Encountered an op not intended to be parsed based upon /Script/UnrealEd.ProjectPackagingSettings. Skipping parsing of this op.
Encountered an op not intended to be parsed based upon /Script/UnrealEd.ProjectPackagingSettings. Skipping parsing of this op.
Encountered an op not intended to be parsed based upon /Script/UnrealEd.ProjectPackagingSettings. Skipping parsing of this op.
Encountered an op not intended to be parsed based upon /Script/UnrealEd.ProjectPackagingSettings. Skipping parsing of this op.
Encountered an op not intended to be parsed based upon /Script/UnrealEd.ProjectPackagingSettings. Skipping parsing of this op.
Encountered an op not intended to be parsed based upon /Script/UnrealEd.ProjectPackagingSettings. Skipping parsing of this op.
Encountered an op not intended to be parsed based upon /Script/UnrealEd.ProjectPackagingSettings. Skipping parsing of this op.
Encountered an op not intended to be parsed based upon /Script/UnrealEd.ProjectPackagingSettings. Skipping parsing of this op.
Encountered an op not intended to be parsed based upon /Script/UnrealEd.ProjectPackagingSettings. Skipping parsing of this op.
Encountered an op not intended to be parsed based upon /Script/UnrealEd.ProjectPackagingSettings. Skipping parsing of this op.
Encountered an op not intended to be parsed based upon /Script/UnrealEd.ProjectPackagingSettings. Skipping parsing of this op.
Encountered an op not intended to be parsed based upon /Script/UnrealEd.ProjectPackagingSettings. Skipping parsing of this op.
Encountered an op not intended to be parsed based upon /Script/UnrealEd.ProjectPackagingSettings. Skipping parsing of this op.
Encountered an op not intended to be parsed based upon /Script/UnrealEd.ProjectPackagingSettings. Skipping parsing of this op.
Encountered an op not intended to be parsed based upon /Script/UnrealEd.ProjectPackagingSettings. Skipping parsing of this op.
Encountered an op not intended to be parsed based upon /Script/UnrealEd.ProjectPackagingSettings. Skipping parsing of this op.
Encountered an op not intended to be parsed based upon /Script/UnrealEd.ProjectPackagingSettings. Skipping parsing of this op.
Encountered an op not intended to be parsed based upon /Script/UnrealEd.ProjectPackagingSettings. Skipping parsing of this op.
Encountered an op not intended to be parsed based upon /Script/UnrealEd.ProjectPackagingSettings. Skipping parsing of this op.
Encountered an op not intended to be parsed based upon /Script/UnrealEd.ProjectPackagingSettings. Skipping parsing of this op.
Encountered an op not intended to be parsed based upon /Script/UnrealEd.ProjectPackagingSettings. Skipping parsing of this op.
Parsed 987 package entries from oplog.
SafeFileExists C:\DGTour\Saved\Cooked\Windows\DiscGolfTour\Metadata\TemporaryNonUFSFiles.txt=False
Cleaning Stage Directory: C:\DGTour\Saved\StagedBuilds\Windows
SafeDeleteDirectory C:\DGTour\Saved\StagedBuilds\Windows
RecursivelyDeleteDirectory C:\DGTour\Saved\StagedBuilds\Windows
SafeDeleteFile C:\DGTour\Saved\StagedBuilds\Windows\DiscGolfTour.exe
SafeDeleteFile C:\DGTour\Saved\StagedBuilds\Windows\Manifest_DebugFiles_Win64.txt
SafeDeleteFile C:\DGTour\Saved\StagedBuilds\Windows\Manifest_NonUFSFiles_Win64.txt
SafeDeleteFile C:\DGTour\Saved\StagedBuilds\Windows\Manifest_UFSFiles_Win64.txt
SafeDeleteFile C:\DGTour\Saved\StagedBuilds\Windows\NOTICES.txt
RecursivelyDeleteDirectory C:\DGTour\Saved\StagedBuilds\Windows\DiscGolfTour
RecursivelyDeleteDirectory C:\DGTour\Saved\StagedBuilds\Windows\DiscGolfTour\Binaries
RecursivelyDeleteDirectory C:\DGTour\Saved\StagedBuilds\Windows\DiscGolfTour\Binaries\Win64
SafeDeleteFile C:\DGTour\Saved\StagedBuilds\Windows\DiscGolfTour\Binaries\Win64\DiscGolfTour.exe
SafeDeleteFile C:\DGTour\Saved\StagedBuilds\Windows\DiscGolfTour\Binaries\Win64\DiscGolfTour.pdb
SafeDeleteFile C:\DGTour\Saved\StagedBuilds\Windows\DiscGolfTour\Binaries\Win64\tbb12.dll
SafeDeleteFile C:\DGTour\Saved\StagedBuilds\Windows\DiscGolfTour\Binaries\Win64\tbbmalloc.dll
RecursivelyDeleteDirectory C:\DGTour\Saved\StagedBuilds\Windows\DiscGolfTour\Binaries\Win64\D3D12
RecursivelyDeleteDirectory C:\DGTour\Saved\StagedBuilds\Windows\DiscGolfTour\Binaries\Win64\D3D12\x64
SafeDeleteFile C:\DGTour\Saved\StagedBuilds\Windows\DiscGolfTour\Binaries\Win64\D3D12\x64\D3D12Core.dll
SafeDeleteFile C:\DGTour\Saved\StagedBuilds\Windows\DiscGolfTour\Binaries\Win64\D3D12\x64\d3d12SDKLayers.dll
SafeDeleteEmptyDirectory C:\DGTour\Saved\StagedBuilds\Windows\DiscGolfTour\Binaries\Win64\D3D12\x64
SafeDeleteEmptyDirectory C:\DGTour\Saved\StagedBuilds\Windows\DiscGolfTour\Binaries\Win64\D3D12
RecursivelyDeleteDirectory C:\DGTour\Saved\StagedBuilds\Windows\DiscGolfTour\Binaries\Win64\DML
RecursivelyDeleteDirectory C:\DGTour\Saved\StagedBuilds\Windows\DiscGolfTour\Binaries\Win64\DML\x64
SafeDeleteFile C:\DGTour\Saved\StagedBuilds\Windows\DiscGolfTour\Binaries\Win64\DML\x64\DirectML.dll
SafeDeleteEmptyDirectory C:\DGTour\Saved\StagedBuilds\Windows\DiscGolfTour\Binaries\Win64\DML\x64
SafeDeleteEmptyDirectory C:\DGTour\Saved\StagedBuilds\Windows\DiscGolfTour\Binaries\Win64\DML
SafeDeleteEmptyDirectory C:\DGTour\Saved\StagedBuilds\Windows\DiscGolfTour\Binaries\Win64
SafeDeleteEmptyDirectory C:\DGTour\Saved\StagedBuilds\Windows\DiscGolfTour\Binaries
RecursivelyDeleteDirectory C:\DGTour\Saved\StagedBuilds\Windows\DiscGolfTour\Content
RecursivelyDeleteDirectory C:\DGTour\Saved\StagedBuilds\Windows\DiscGolfTour\Content\Paks
SafeDeleteFile C:\DGTour\Saved\StagedBuilds\Windows\DiscGolfTour\Content\Paks\DiscGolfTour-Windows.pak
SafeDeleteFile C:\DGTour\Saved\StagedBuilds\Windows\DiscGolfTour\Content\Paks\DiscGolfTour-Windows.ucas
SafeDeleteFile C:\DGTour\Saved\StagedBuilds\Windows\DiscGolfTour\Content\Paks\DiscGolfTour-Windows.utoc
SafeDeleteFile C:\DGTour\Saved\StagedBuilds\Windows\DiscGolfTour\Content\Paks\global.ucas
SafeDeleteFile C:\DGTour\Saved\StagedBuilds\Windows\DiscGolfTour\Content\Paks\global.utoc
SafeDeleteEmptyDirectory C:\DGTour\Saved\StagedBuilds\Windows\DiscGolfTour\Content\Paks
SafeDeleteEmptyDirectory C:\DGTour\Saved\StagedBuilds\Windows\DiscGolfTour\Content
RecursivelyDeleteDirectory C:\DGTour\Saved\StagedBuilds\Windows\DiscGolfTour\Data
SafeDeleteFile C:\DGTour\Saved\StagedBuilds\Windows\DiscGolfTour\Data\PhysicsRegressionPresets.json
SafeDeleteFile C:\DGTour\Saved\StagedBuilds\Windows\DiscGolfTour\Data\PineRidgeCourse.json
SafeDeleteFile C:\DGTour\Saved\StagedBuilds\Windows\DiscGolfTour\Data\PineRidgeHole1.json
SafeDeleteFile C:\DGTour\Saved\StagedBuilds\Windows\DiscGolfTour\Data\PineRidgeHole2.json
SafeDeleteFile C:\DGTour\Saved\StagedBuilds\Windows\DiscGolfTour\Data\PineRidgeHole3.json
SafeDeleteFile C:\DGTour\Saved\StagedBuilds\Windows\DiscGolfTour\Data\PineRidgePresentation.json
SafeDeleteEmptyDirectory C:\DGTour\Saved\StagedBuilds\Windows\DiscGolfTour\Data
SafeDeleteEmptyDirectory C:\DGTour\Saved\StagedBuilds\Windows\DiscGolfTour
RecursivelyDeleteDirectory C:\DGTour\Saved\StagedBuilds\Windows\Engine
RecursivelyDeleteDirectory C:\DGTour\Saved\StagedBuilds\Windows\Engine\Binaries
RecursivelyDeleteDirectory C:\DGTour\Saved\StagedBuilds\Windows\Engine\Binaries\ThirdParty
RecursivelyDeleteDirectory C:\DGTour\Saved\StagedBuilds\Windows\Engine\Binaries\ThirdParty\DbgHelp
SafeDeleteFile C:\DGTour\Saved\StagedBuilds\Windows\Engine\Binaries\ThirdParty\DbgHelp\dbghelp.dll
SafeDeleteEmptyDirectory C:\DGTour\Saved\StagedBuilds\Windows\Engine\Binaries\ThirdParty\DbgHelp
RecursivelyDeleteDirectory C:\DGTour\Saved\StagedBuilds\Windows\Engine\Binaries\ThirdParty\MsQuic
RecursivelyDeleteDirectory C:\DGTour\Saved\StagedBuilds\Windows\Engine\Binaries\ThirdParty\MsQuic\v220
RecursivelyDeleteDirectory C:\DGTour\Saved\StagedBuilds\Windows\Engine\Binaries\ThirdParty\MsQuic\v220\win64
SafeDeleteFile C:\DGTour\Saved\StagedBuilds\Windows\Engine\Binaries\ThirdParty\MsQuic\v220\win64\msquic.dll
SafeDeleteEmptyDirectory C:\DGTour\Saved\StagedBuilds\Windows\Engine\Binaries\ThirdParty\MsQuic\v220\win64
SafeDeleteEmptyDirectory C:\DGTour\Saved\StagedBuilds\Windows\Engine\Binaries\ThirdParty\MsQuic\v220
SafeDeleteEmptyDirectory C:\DGTour\Saved\StagedBuilds\Windows\Engine\Binaries\ThirdParty\MsQuic
RecursivelyDeleteDirectory C:\DGTour\Saved\StagedBuilds\Windows\Engine\Binaries\ThirdParty\NVIDIA
RecursivelyDeleteDirectory C:\DGTour\Saved\StagedBuilds\Windows\Engine\Binaries\ThirdParty\NVIDIA\NVaftermath
RecursivelyDeleteDirectory C:\DGTour\Saved\StagedBuilds\Windows\Engine\Binaries\ThirdParty\NVIDIA\NVaftermath\Win64
SafeDeleteFile C:\DGTour\Saved\StagedBuilds\Windows\Engine\Binaries\ThirdParty\NVIDIA\NVaftermath\Win64\GFSDK_Aftermath_Lib.x64.dll
SafeDeleteEmptyDirectory C:\DGTour\Saved\StagedBuilds\Windows\Engine\Binaries\ThirdParty\NVIDIA\NVaftermath\Win64
SafeDeleteEmptyDirectory C:\DGTour\Saved\StagedBuilds\Windows\Engine\Binaries\ThirdParty\NVIDIA\NVaftermath
SafeDeleteEmptyDirectory C:\DGTour\Saved\StagedBuilds\Windows\Engine\Binaries\ThirdParty\NVIDIA
RecursivelyDeleteDirectory C:\DGTour\Saved\StagedBuilds\Windows\Engine\Binaries\ThirdParty\Ogg
RecursivelyDeleteDirectory C:\DGTour\Saved\StagedBuilds\Windows\Engine\Binaries\ThirdParty\Ogg\Win64
RecursivelyDeleteDirectory C:\DGTour\Saved\StagedBuilds\Windows\Engine\Binaries\ThirdParty\Ogg\Win64\VS2015
SafeDeleteFile C:\DGTour\Saved\StagedBuilds\Windows\Engine\Binaries\ThirdParty\Ogg\Win64\VS2015\libogg_64.dll
SafeDeleteEmptyDirectory C:\DGTour\Saved\StagedBuilds\Windows\Engine\Binaries\ThirdParty\Ogg\Win64\VS2015
SafeDeleteEmptyDirectory C:\DGTour\Saved\StagedBuilds\Windows\Engine\Binaries\ThirdParty\Ogg\Win64
SafeDeleteEmptyDirectory C:\DGTour\Saved\StagedBuilds\Windows\Engine\Binaries\ThirdParty\Ogg
RecursivelyDeleteDirectory C:\DGTour\Saved\StagedBuilds\Windows\Engine\Binaries\ThirdParty\Vorbis
RecursivelyDeleteDirectory C:\DGTour\Saved\StagedBuilds\Windows\Engine\Binaries\ThirdParty\Vorbis\Win64
RecursivelyDeleteDirectory C:\DGTour\Saved\StagedBuilds\Windows\Engine\Binaries\ThirdParty\Vorbis\Win64\VS2015
SafeDeleteFile C:\DGTour\Saved\StagedBuilds\Windows\Engine\Binaries\ThirdParty\Vorbis\Win64\VS2015\libvorbisfile_64.dll
SafeDeleteFile C:\DGTour\Saved\StagedBuilds\Windows\Engine\Binaries\ThirdParty\Vorbis\Win64\VS2015\libvorbis_64.dll
SafeDeleteEmptyDirectory C:\DGTour\Saved\StagedBuilds\Windows\Engine\Binaries\ThirdParty\Vorbis\Win64\VS2015
SafeDeleteEmptyDirectory C:\DGTour\Saved\StagedBuilds\Windows\Engine\Binaries\ThirdParty\Vorbis\Win64
SafeDeleteEmptyDirectory C:\DGTour\Saved\StagedBuilds\Windows\Engine\Binaries\ThirdParty\Vorbis
RecursivelyDeleteDirectory C:\DGTour\Saved\StagedBuilds\Windows\Engine\Binaries\ThirdParty\Vulkan
RecursivelyDeleteDirectory C:\DGTour\Saved\StagedBuilds\Windows\Engine\Binaries\ThirdParty\Vulkan\Win64
SafeDeleteFile C:\DGTour\Saved\StagedBuilds\Windows\Engine\Binaries\ThirdParty\Vulkan\Win64\VkLayer_api_dump.dll
SafeDeleteFile C:\DGTour\Saved\StagedBuilds\Windows\Engine\Binaries\ThirdParty\Vulkan\Win64\VkLayer_api_dump.json
SafeDeleteFile C:\DGTour\Saved\StagedBuilds\Windows\Engine\Binaries\ThirdParty\Vulkan\Win64\VkLayer_crash_diagnostic.dll
SafeDeleteFile C:\DGTour\Saved\StagedBuilds\Windows\Engine\Binaries\ThirdParty\Vulkan\Win64\VkLayer_crash_diagnostic.json
SafeDeleteFile C:\DGTour\Saved\StagedBuilds\Windows\Engine\Binaries\ThirdParty\Vulkan\Win64\VkLayer_gfxreconstruct.dll
SafeDeleteFile C:\DGTour\Saved\StagedBuilds\Windows\Engine\Binaries\ThirdParty\Vulkan\Win64\VkLayer_gfxreconstruct.json
SafeDeleteFile C:\DGTour\Saved\StagedBuilds\Windows\Engine\Binaries\ThirdParty\Vulkan\Win64\VkLayer_khronos_profiles.dll
SafeDeleteFile C:\DGTour\Saved\StagedBuilds\Windows\Engine\Binaries\ThirdParty\Vulkan\Win64\VkLayer_khronos_profiles.json
SafeDeleteFile C:\DGTour\Saved\StagedBuilds\Windows\Engine\Binaries\ThirdParty\Vulkan\Win64\VkLayer_khronos_shader_object.dll
SafeDeleteFile C:\DGTour\Saved\StagedBuilds\Windows\Engine\Binaries\ThirdParty\Vulkan\Win64\VkLayer_khronos_shader_object.json
SafeDeleteFile C:\DGTour\Saved\StagedBuilds\Windows\Engine\Binaries\ThirdParty\Vulkan\Win64\VkLayer_khronos_synchronization2.dll
SafeDeleteFile C:\DGTour\Saved\StagedBuilds\Windows\Engine\Binaries\ThirdParty\Vulkan\Win64\VkLayer_khronos_synchronization2.json
SafeDeleteFile C:\DGTour\Saved\StagedBuilds\Windows\Engine\Binaries\ThirdParty\Vulkan\Win64\VkLayer_khronos_validation.dll
SafeDeleteFile C:\DGTour\Saved\StagedBuilds\Windows\Engine\Binaries\ThirdParty\Vulkan\Win64\VkLayer_khronos_validation.json
SafeDeleteEmptyDirectory C:\DGTour\Saved\StagedBuilds\Windows\Engine\Binaries\ThirdParty\Vulkan\Win64
SafeDeleteEmptyDirectory C:\DGTour\Saved\StagedBuilds\Windows\Engine\Binaries\ThirdParty\Vulkan
RecursivelyDeleteDirectory C:\DGTour\Saved\StagedBuilds\Windows\Engine\Binaries\ThirdParty\Windows
RecursivelyDeleteDirectory C:\DGTour\Saved\StagedBuilds\Windows\Engine\Binaries\ThirdParty\Windows\WinPixEventRuntime
RecursivelyDeleteDirectory C:\DGTour\Saved\StagedBuilds\Windows\Engine\Binaries\ThirdParty\Windows\WinPixEventRuntime\x64
SafeDeleteFile C:\DGTour\Saved\StagedBuilds\Windows\Engine\Binaries\ThirdParty\Windows\WinPixEventRuntime\x64\WinPixEventRuntime.dll
SafeDeleteEmptyDirectory C:\DGTour\Saved\StagedBuilds\Windows\Engine\Binaries\ThirdParty\Windows\WinPixEventRuntime\x64
SafeDeleteEmptyDirectory C:\DGTour\Saved\StagedBuilds\Windows\Engine\Binaries\ThirdParty\Windows\WinPixEventRuntime
RecursivelyDeleteDirectory C:\DGTour\Saved\StagedBuilds\Windows\Engine\Binaries\ThirdParty\Windows\XAudio2_9
RecursivelyDeleteDirectory C:\DGTour\Saved\StagedBuilds\Windows\Engine\Binaries\ThirdParty\Windows\XAudio2_9\x64
SafeDeleteFile C:\DGTour\Saved\StagedBuilds\Windows\Engine\Binaries\ThirdParty\Windows\XAudio2_9\x64\xaudio2_9redist.dll
SafeDeleteEmptyDirectory C:\DGTour\Saved\StagedBuilds\Windows\Engine\Binaries\ThirdParty\Windows\XAudio2_9\x64
SafeDeleteEmptyDirectory C:\DGTour\Saved\StagedBuilds\Windows\Engine\Binaries\ThirdParty\Windows\XAudio2_9
SafeDeleteEmptyDirectory C:\DGTour\Saved\StagedBuilds\Windows\Engine\Binaries\ThirdParty\Windows
SafeDeleteEmptyDirectory C:\DGTour\Saved\StagedBuilds\Windows\Engine\Binaries\ThirdParty
SafeDeleteEmptyDirectory C:\DGTour\Saved\StagedBuilds\Windows\Engine\Binaries
RecursivelyDeleteDirectory C:\DGTour\Saved\StagedBuilds\Windows\Engine\Config
SafeDeleteFile C:\DGTour\Saved\StagedBuilds\Windows\Engine\Config\StagedBuild_DiscGolfTour.ini
SafeDeleteEmptyDirectory C:\DGTour\Saved\StagedBuilds\Windows\Engine\Config
RecursivelyDeleteDirectory C:\DGTour\Saved\StagedBuilds\Windows\Engine\Content
RecursivelyDeleteDirectory C:\DGTour\Saved\StagedBuilds\Windows\Engine\Content\Renderer
SafeDeleteFile C:\DGTour\Saved\StagedBuilds\Windows\Engine\Content\Renderer\TessellationTable.bin
SafeDeleteEmptyDirectory C:\DGTour\Saved\StagedBuilds\Windows\Engine\Content\Renderer
RecursivelyDeleteDirectory C:\DGTour\Saved\StagedBuilds\Windows\Engine\Content\Slate
RecursivelyDeleteDirectory C:\DGTour\Saved\StagedBuilds\Windows\Engine\Content\Slate\Cursor
SafeDeleteFile C:\DGTour\Saved\StagedBuilds\Windows\Engine\Content\Slate\Cursor\invisible.cur
SafeDeleteEmptyDirectory C:\DGTour\Saved\StagedBuilds\Windows\Engine\Content\Slate\Cursor
SafeDeleteEmptyDirectory C:\DGTour\Saved\StagedBuilds\Windows\Engine\Content\Slate
RecursivelyDeleteDirectory C:\DGTour\Saved\StagedBuilds\Windows\Engine\Content\SlateDebug
RecursivelyDeleteDirectory C:\DGTour\Saved\StagedBuilds\Windows\Engine\Content\SlateDebug\Fonts
SafeDeleteFile C:\DGTour\Saved\StagedBuilds\Windows\Engine\Content\SlateDebug\Fonts\LastResort.tps
SafeDeleteFile C:\DGTour\Saved\StagedBuilds\Windows\Engine\Content\SlateDebug\Fonts\LastResort.ttf
SafeDeleteEmptyDirectory C:\DGTour\Saved\StagedBuilds\Windows\Engine\Content\SlateDebug\Fonts
SafeDeleteEmptyDirectory C:\DGTour\Saved\StagedBuilds\Windows\Engine\Content\SlateDebug
SafeDeleteEmptyDirectory C:\DGTour\Saved\StagedBuilds\Windows\Engine\Content
RecursivelyDeleteDirectory C:\DGTour\Saved\StagedBuilds\Windows\Engine\Extras
RecursivelyDeleteDirectory C:\DGTour\Saved\StagedBuilds\Windows\Engine\Extras\GPUDumpViewer
SafeDeleteFile C:\DGTour\Saved\StagedBuilds\Windows\Engine\Extras\GPUDumpViewer\GPUDumpViewer.html
SafeDeleteFile C:\DGTour\Saved\StagedBuilds\Windows\Engine\Extras\GPUDumpViewer\OpenGPUDumpViewer.bat
SafeDeleteFile C:\DGTour\Saved\StagedBuilds\Windows\Engine\Extras\GPUDumpViewer\OpenGPUDumpViewer.sh
SafeDeleteEmptyDirectory C:\DGTour\Saved\StagedBuilds\Windows\Engine\Extras\GPUDumpViewer
SafeDeleteEmptyDirectory C:\DGTour\Saved\StagedBuilds\Windows\Engine\Extras
RecursivelyDeleteDirectory C:\DGTour\Saved\StagedBuilds\Windows\Engine\Plugins
RecursivelyDeleteDirectory C:\DGTour\Saved\StagedBuilds\Windows\Engine\Plugins\NNE
RecursivelyDeleteDirectory C:\DGTour\Saved\StagedBuilds\Windows\Engine\Plugins\NNE\NNERuntimeORT
RecursivelyDeleteDirectory C:\DGTour\Saved\StagedBuilds\Windows\Engine\Plugins\NNE\NNERuntimeORT\Binaries
RecursivelyDeleteDirectory C:\DGTour\Saved\StagedBuilds\Windows\Engine\Plugins\NNE\NNERuntimeORT\Binaries\ThirdParty
RecursivelyDeleteDirectory C:\DGTour\Saved\StagedBuilds\Windows\Engine\Plugins\NNE\NNERuntimeORT\Binaries\ThirdParty\Onnxruntime
RecursivelyDeleteDirectory C:\DGTour\Saved\StagedBuilds\Windows\Engine\Plugins\NNE\NNERuntimeORT\Binaries\ThirdParty\Onnxruntime\Win64
SafeDeleteFile C:\DGTour\Saved\StagedBuilds\Windows\Engine\Plugins\NNE\NNERuntimeORT\Binaries\ThirdParty\Onnxruntime\Win64\onnxruntime.dll
SafeDeleteEmptyDirectory C:\DGTour\Saved\StagedBuilds\Windows\Engine\Plugins\NNE\NNERuntimeORT\Binaries\ThirdParty\Onnxruntime\Win64
SafeDeleteEmptyDirectory C:\DGTour\Saved\StagedBuilds\Windows\Engine\Plugins\NNE\NNERuntimeORT\Binaries\ThirdParty\Onnxruntime
SafeDeleteEmptyDirectory C:\DGTour\Saved\StagedBuilds\Windows\Engine\Plugins\NNE\NNERuntimeORT\Binaries\ThirdParty
SafeDeleteEmptyDirectory C:\DGTour\Saved\StagedBuilds\Windows\Engine\Plugins\NNE\NNERuntimeORT\Binaries
SafeDeleteEmptyDirectory C:\DGTour\Saved\StagedBuilds\Windows\Engine\Plugins\NNE\NNERuntimeORT
SafeDeleteEmptyDirectory C:\DGTour\Saved\StagedBuilds\Windows\Engine\Plugins\NNE
SafeDeleteEmptyDirectory C:\DGTour\Saved\StagedBuilds\Windows\Engine\Plugins
SafeDeleteEmptyDirectory C:\DGTour\Saved\StagedBuilds\Windows\Engine
SafeDeleteEmptyDirectory C:\DGTour\Saved\StagedBuilds\Windows
Creating pak using staging manifest.
DumpManifest: <USER_HOME>\AppData\Roaming\Unreal Engine\AutomationTool\Logs\C+Program+Files+Epic+Games+UE_5.8\PrePak_Windows_NonUFSFiles.txt, NumItems: 40
SafeWriteAllLines <USER_HOME>\AppData\Roaming\Unreal Engine\AutomationTool\Logs\C+Program+Files+Epic+Games+UE_5.8\PrePak_Windows_NonUFSFiles.txt
DumpManifest: <USER_HOME>\AppData\Roaming\Unreal Engine\AutomationTool\Logs\C+Program+Files+Epic+Games+UE_5.8\PrePak_Windows_NonUFSFilesDebug.txt, NumItems: 6
SafeWriteAllLines <USER_HOME>\AppData\Roaming\Unreal Engine\AutomationTool\Logs\C+Program+Files+Epic+Games+UE_5.8\PrePak_Windows_NonUFSFilesDebug.txt
DumpManifest: <USER_HOME>\AppData\Roaming\Unreal Engine\AutomationTool\Logs\C+Program+Files+Epic+Games+UE_5.8\PrePak_Windows_UFSFiles.txt, NumItems: 3051
SafeWriteAllLines <USER_HOME>\AppData\Roaming\Unreal Engine\AutomationTool\Logs\C+Program+Files+Epic+Games+UE_5.8\PrePak_Windows_UFSFiles.txt
SafeCopyFile C:\Program Files\Epic Games\UE_5.8\Engine\Config\ConfigRedirects.ini C:\DGTour\Saved\Temp\Win64\Engine\Config\ConfigRedirects.ini
SafeCopyFile C:\Program Files\Epic Games\UE_5.8\Engine\Config\Layouts\DefaultLayout.ini C:\DGTour\Saved\Temp\Win64\Engine\Config\Layouts\DefaultLayout.ini
SafeCopyFile C:\Program Files\Epic Games\UE_5.8\Engine\Config\PluginBase.ini C:\DGTour\Saved\Temp\Win64\Engine\Config\PluginBase.ini
SafeCopyFile C:\Program Files\Epic Games\UE_5.8\Engine\Config\ConsoleVariables.ini C:\DGTour\Saved\Temp\Win64\Engine\Config\ConsoleVariables.ini
SafeCopyFile C:\Program Files\Epic Games\UE_5.8\Engine\Config\VulkanPC\DataDrivenPlatformInfo.ini C:\DGTour\Saved\Temp\Win64\Engine\Config\VulkanPC\DataDrivenPlatformInfo.ini
SafeCopyFile C:\Program Files\Epic Games\UE_5.8\Engine\Config\BaseGame.ini C:\DGTour\Saved\Temp\Win64\Engine\Config\BaseGame.ini
SafeCopyFile C:\Program Files\Epic Games\UE_5.8\Engine\Config\BaseEngine.ini C:\DGTour\Saved\Temp\Win64\Engine\Config\BaseEngine.ini
Filtering config section 'StorageServers'
SafeCopyFile C:\Program Files\Epic Games\UE_5.8\Engine\Config\BaseScalability.ini C:\DGTour\Saved\Temp\Win64\Engine\Config\BaseScalability.ini
SafeCopyFile C:\Program Files\Epic Games\UE_5.8\Engine\Config\BaseRuntimeOptions.ini C:\DGTour\Saved\Temp\Win64\Engine\Config\BaseRuntimeOptions.ini
SafeCopyFile C:\Program Files\Epic Games\UE_5.8\Engine\Config\BaseInput.ini C:\DGTour\Saved\Temp\Win64\Engine\Config\BaseInput.ini
SafeCopyFile C:\Program Files\Epic Games\UE_5.8\Engine\Config\BaseHardware.ini C:\DGTour\Saved\Temp\Win64\Engine\Config\BaseHardware.ini
SafeCopyFile C:\Program Files\Epic Games\UE_5.8\Engine\Config\BaseGameUserSettings.ini C:\DGTour\Saved\Temp\Win64\Engine\Config\BaseGameUserSettings.ini
SafeCopyFile C:\Program Files\Epic Games\UE_5.8\Engine\Config\Windows\DataDrivenPlatformInfo.ini C:\DGTour\Saved\Temp\Win64\Engine\Config\Windows\DataDrivenPlatformInfo.ini
SafeCopyFile C:\Program Files\Epic Games\UE_5.8\Engine\Config\Windows\BaseWindowsInput.ini C:\DGTour\Saved\Temp\Win64\Engine\Config\Windows\BaseWindowsInput.ini
SafeCopyFile C:\Program Files\Epic Games\UE_5.8\Engine\Config\Windows\BaseWindowsGame.ini C:\DGTour\Saved\Temp\Win64\Engine\Config\Windows\BaseWindowsGame.ini
SafeCopyFile C:\Program Files\Epic Games\UE_5.8\Engine\Config\Windows\BaseWindowsEngine.ini C:\DGTour\Saved\Temp\Win64\Engine\Config\Windows\BaseWindowsEngine.ini
SafeCopyFile C:\Program Files\Epic Games\UE_5.8\Engine\Config\Windows\WindowsInput.ini C:\DGTour\Saved\Temp\Win64\Engine\Config\Windows\WindowsInput.ini
SafeCopyFile C:\Program Files\Epic Games\UE_5.8\Engine\Config\Windows\WindowsGame.ini C:\DGTour\Saved\Temp\Win64\Engine\Config\Windows\WindowsGame.ini
SafeCopyFile C:\Program Files\Epic Games\UE_5.8\Engine\Config\BaseDeviceProfiles.ini C:\DGTour\Saved\Temp\Win64\Engine\Config\BaseDeviceProfiles.ini
SafeCopyFile C:\Program Files\Epic Games\UE_5.8\Engine\Config\BaseCompat.ini C:\DGTour\Saved\Temp\Win64\Engine\Config\BaseCompat.ini
SafeCopyFile C:\Program Files\Epic Games\UE_5.8\Engine\Config\Base.ini C:\DGTour\Saved\Temp\Win64\Engine\Config\Base.ini
SafeCopyFile C:\Program Files\Epic Games\UE_5.8\Engine\Config\BaseMaterialExpressions.ini C:\DGTour\Saved\Temp\Win64\Engine\Config\BaseMaterialExpressions.ini
SafeCopyFile C:\Program Files\Epic Games\UE_5.8\Engine\Config\BaseInstallBundle.ini C:\DGTour\Saved\Temp\Win64\Engine\Config\BaseInstallBundle.ini
SafeCopyFile C:\Program Files\Epic Games\UE_5.8\Engine\Config\Layouts\UE4ClassicLayout.ini C:\DGTour\Saved\Temp\Win64\Engine\Config\Layouts\UE4ClassicLayout.ini
SafeCopyFile C:\DGTour\Config\DefaultInput.ini C:\DGTour\Saved\Temp\Win64\DiscGolfTour\Config\DefaultInput.ini
SafeCopyFile C:\DGTour\Config\DefaultGame.ini C:\DGTour\Saved\Temp\Win64\DiscGolfTour\Config\DefaultGame.ini
SafeCopyFile C:\DGTour\Config\DefaultScalability.ini C:\DGTour\Saved\Temp\Win64\DiscGolfTour\Config\DefaultScalability.ini
SafeCopyFile C:\DGTour\Config\DefaultEngine.ini C:\DGTour\Saved\Temp\Win64\DiscGolfTour\Config\DefaultEngine.ini
Filtering config section '/Script/AndroidFileServerEditor.AndroidFileServerRuntimeSettings'
SafeCopyFile C:\Program Files\Epic Games\UE_5.8\Engine\Plugins\2D\Paper2D\Config\DefaultPaper2D.ini C:\DGTour\Saved\Temp\Win64\Engine\Plugins\2D\Paper2D\Config\DefaultPaper2D.ini
SafeCopyFile C:\Program Files\Epic Games\UE_5.8\Engine\Plugins\Animation\ACLPlugin\Config\FilterPlugin.ini C:\DGTour\Saved\Temp\Win64\Engine\Plugins\Animation\ACLPlugin\Config\FilterPlugin.ini
SafeCopyFile C:\Program Files\Epic Games\UE_5.8\Engine\Plugins\Animation\AnimatorKit\Config\Editor.ini C:\DGTour\Saved\Temp\Win64\Engine\Plugins\Animation\AnimatorKit\Config\Editor.ini
SafeCopyFile C:\Program Files\Epic Games\UE_5.8\Engine\Plugins\Animation\ControlRig\Config\DefaultControlRig.ini C:\DGTour\Saved\Temp\Win64\Engine\Plugins\Animation\ControlRig\Config\DefaultControlRig.ini
SafeCopyFile C:\Program Files\Epic Games\UE_5.8\Engine\Plugins\Animation\DeformerGraph\Config\DefaultDeformerGraph.ini C:\DGTour\Saved\Temp\Win64\Engine\Plugins\Animation\DeformerGraph\Config\DefaultDeformerGraph.ini
SafeCopyFile C:\Program Files\Epic Games\UE_5.8\Engine\Plugins\Animation\DeformerGraph\Config\Editor.ini C:\DGTour\Saved\Temp\Win64\Engine\Plugins\Animation\DeformerGraph\Config\Editor.ini
SafeCopyFile C:\Program Files\Epic Games\UE_5.8\Engine\Plugins\Animation\IKRig\Config\DefaultIKRig.ini C:\DGTour\Saved\Temp\Win64\Engine\Plugins\Animation\IKRig\Config\DefaultIKRig.ini
SafeCopyFile C:\Program Files\Epic Games\UE_5.8\Engine\Plugins\Animation\LiveLink\Config\DefaultLiveLink.ini C:\DGTour\Saved\Temp\Win64\Engine\Plugins\Animation\LiveLink\Config\DefaultLiveLink.ini
SafeCopyFile C:\Program Files\Epic Games\UE_5.8\Engine\Plugins\Animation\PhysicsControl\Config\DefaultPhysicsControl.ini C:\DGTour\Saved\Temp\Win64\Engine\Plugins\Animation\PhysicsControl\Config\DefaultPhysicsControl.ini
SafeCopyFile C:\Program Files\Epic Games\UE_5.8\Engine\Plugins\Animation\RigLogic\Config\DefaultRigLogic.ini C:\DGTour\Saved\Temp\Win64\Engine\Plugins\Animation\RigLogic\Config\DefaultRigLogic.ini
SafeCopyFile C:\Program Files\Epic Games\UE_5.8\Engine\Plugins\Cameras\GameplayCameras\Config\DefaultGameplayCameras.ini C:\DGTour\Saved\Temp\Win64\Engine\Plugins\Cameras\GameplayCameras\Config\DefaultGameplayCameras.ini
SafeCopyFile C:\Program Files\Epic Games\UE_5.8\Engine\Plugins\ChaosClothAssetEditorCore\Config\DefaultChaosClothAssetEditorCore.ini C:\DGTour\Saved\Temp\Win64\Engine\Plugins\ChaosClothAssetEditorCore\Config\DefaultChaosClothAssetEditorCore.ini
SafeCopyFile C:\Program Files\Epic Games\UE_5.8\Engine\Plugins\ChaosOutfitAsset\Config\Editor.ini C:\DGTour\Saved\Temp\Win64\Engine\Plugins\ChaosOutfitAsset\Config\Editor.ini
SafeCopyFile C:\Program Files\Epic Games\UE_5.8\Engine\Plugins\ChaosVD\Config\ConfigRedirects.ini C:\DGTour\Saved\Temp\Win64\Engine\Plugins\ChaosVD\Config\ConfigRedirects.ini
SafeCopyFile C:\Program Files\Epic Games\UE_5.8\Engine\Plugins\ChaosVD\Config\DefaultChaosVD.ini C:\DGTour\Saved\Temp\Win64\Engine\Plugins\ChaosVD\Config\DefaultChaosVD.ini
SafeCopyFile C:\Program Files\Epic Games\UE_5.8\Engine\Plugins\ChaosVD\Config\Engine.ini C:\DGTour\Saved\Temp\Win64\Engine\Plugins\ChaosVD\Config\Engine.ini
SafeCopyFile C:\Program Files\Epic Games\UE_5.8\Engine\Plugins\Compositing\CompositeCore\Config\DefaultCompositeCore.ini C:\DGTour\Saved\Temp\Win64\Engine\Plugins\Compositing\CompositeCore\Config\DefaultCompositeCore.ini
SafeCopyFile C:\Program Files\Epic Games\UE_5.8\Engine\Plugins\Developer\Concert\ConcertSync\ConcertSyncCore\Config\DefaultConcertSyncCore.ini C:\DGTour\Saved\Temp\Win64\Engine\Plugins\Developer\Concert\ConcertSync\ConcertSyncCore\Config\DefaultConcertSyncCore.ini
SafeCopyFile C:\Program Files\Epic Games\UE_5.8\Engine\Plugins\Editor\ConsoleVariablesEditor\Config\DefaultConsoleVariables.ini C:\DGTour\Saved\Temp\Win64\Engine\Plugins\Editor\ConsoleVariablesEditor\Config\DefaultConsoleVariables.ini
SafeCopyFile C:\Program Files\Epic Games\UE_5.8\Engine\Plugins\Editor\EditorScriptingUtilities\Config\DefaultEditorScriptingUtilities.ini C:\DGTour\Saved\Temp\Win64\Engine\Plugins\Editor\EditorScriptingUtilities\Config\DefaultEditorScriptingUtilities.ini
SafeCopyFile C:\Program Files\Epic Games\UE_5.8\Engine\Plugins\EnhancedInput\Config\DefaultEnhancedInput.ini C:\DGTour\Saved\Temp\Win64\Engine\Plugins\EnhancedInput\Config\DefaultEnhancedInput.ini
SafeCopyFile C:\Program Files\Epic Games\UE_5.8\Engine\Plugins\EnhancedInput\Config\Input.ini C:\DGTour\Saved\Temp\Win64\Engine\Plugins\EnhancedInput\Config\Input.ini
SafeCopyFile C:\Program Files\Epic Games\UE_5.8\Engine\Plugins\Enterprise\DatasmithContent\Config\DefaultDatasmithContent.ini C:\DGTour\Saved\Temp\Win64\Engine\Plugins\Enterprise\DatasmithContent\Config\DefaultDatasmithContent.ini
SafeCopyFile C:\Program Files\Epic Games\UE_5.8\Engine\Plugins\Enterprise\GLTFExporter\Config\DefaultGLTFExporter.ini C:\DGTour\Saved\Temp\Win64\Engine\Plugins\Enterprise\GLTFExporter\Config\DefaultGLTFExporter.ini
SafeCopyFile C:\Program Files\Epic Games\UE_5.8\Engine\Plugins\Enterprise\GLTFExporter\Config\FilterPlugin.ini C:\DGTour\Saved\Temp\Win64\Engine\Plugins\Enterprise\GLTFExporter\Config\FilterPlugin.ini
SafeCopyFile C:\Program Files\Epic Games\UE_5.8\Engine\Plugins\Enterprise\VariantManagerContent\Config\DefaultVariantManagerContent.ini C:\DGTour\Saved\Temp\Win64\Engine\Plugins\Enterprise\VariantManagerContent\Config\DefaultVariantManagerContent.ini
SafeCopyFile C:\Program Files\Epic Games\UE_5.8\Engine\Plugins\Experimental\Animation\Scribble\Config\DefaultScribble.ini C:\DGTour\Saved\Temp\Win64\Engine\Plugins\Experimental\Animation\Scribble\Config\DefaultScribble.ini
SafeCopyFile C:\Program Files\Epic Games\UE_5.8\Engine\Plugins\Experimental\ControlRigPhysics\Config\DefaultControlRigPhysics.ini C:\DGTour\Saved\Temp\Win64\Engine\Plugins\Experimental\ControlRigPhysics\Config\DefaultControlRigPhysics.ini
SafeCopyFile C:\Program Files\Epic Games\UE_5.8\Engine\Plugins\Experimental\FullBodyIK\Config\DefaultFullBodyIK.ini C:\DGTour\Saved\Temp\Win64\Engine\Plugins\Experimental\FullBodyIK\Config\DefaultFullBodyIK.ini
SafeCopyFile C:\Program Files\Epic Games\UE_5.8\Engine\Plugins\Experimental\InterchangeAxF\Assets\Config\DefaultInterchangeAxFAssets.ini C:\DGTour\Saved\Temp\Win64\Engine\Plugins\Experimental\InterchangeAxF\Assets\Config\DefaultInterchangeAxFAssets.ini
SafeCopyFile C:\Program Files\Epic Games\UE_5.8\Engine\Plugins\Experimental\InterchangeAxF\Assets\Config\FilterPlugin.ini C:\DGTour\Saved\Temp\Win64\Engine\Plugins\Experimental\InterchangeAxF\Assets\Config\FilterPlugin.ini
SafeCopyFile C:\Program Files\Epic Games\UE_5.8\Engine\Plugins\Experimental\ToolPresets\Config\DefaultToolPresets.ini C:\DGTour\Saved\Temp\Win64\Engine\Plugins\Experimental\ToolPresets\Config\DefaultToolPresets.ini
SafeCopyFile C:\Program Files\Epic Games\UE_5.8\Engine\Plugins\FX\Niagara\Config\DefaultNiagara.ini C:\DGTour\Saved\Temp\Win64\Engine\Plugins\FX\Niagara\Config\DefaultNiagara.ini
SafeCopyFile C:\Program Files\Epic Games\UE_5.8\Engine\Plugins\Fab\Config\DefaultFab.ini C:\DGTour\Saved\Temp\Win64\Engine\Plugins\Fab\Config\DefaultFab.ini
SafeCopyFile C:\Program Files\Epic Games\UE_5.8\Engine\Plugins\Interchange\Assets\Config\DefaultInterchangeAssets.ini C:\DGTour\Saved\Temp\Win64\Engine\Plugins\Interchange\Assets\Config\DefaultInterchangeAssets.ini
SafeCopyFile C:\Program Files\Epic Games\UE_5.8\Engine\Plugins\Interchange\Runtime\Config\DefaultInterchange.ini C:\DGTour\Saved\Temp\Win64\Engine\Plugins\Interchange\Runtime\Config\DefaultInterchange.ini
SafeCopyFile C:\Program Files\Epic Games\UE_5.8\Engine\Plugins\MetaHuman\MetaHumanCharacter\Config\DefaultMetaHumanCharacter.ini C:\DGTour\Saved\Temp\Win64\Engine\Plugins\MetaHuman\MetaHumanCharacter\Config\DefaultMetaHumanCharacter.ini
SafeCopyFile C:\Program Files\Epic Games\UE_5.8\Engine\Plugins\MetaHuman\MetaHumanCharacter\Config\Editor.ini C:\DGTour\Saved\Temp\Win64\Engine\Plugins\MetaHuman\MetaHumanCharacter\Config\Editor.ini
SafeCopyFile C:\Program Files\Epic Games\UE_5.8\Engine\Plugins\MetaHuman\MetaHumanSDK\Config\DefaultMetaHumanSDK.ini C:\DGTour\Saved\Temp\Win64\Engine\Plugins\MetaHuman\MetaHumanSDK\Config\DefaultMetaHumanSDK.ini
SafeCopyFile C:\Program Files\Epic Games\UE_5.8\Engine\Plugins\Mutable\Config\DefaultMutable.ini C:\DGTour\Saved\Temp\Win64\Engine\Plugins\Mutable\Config\DefaultMutable.ini
SafeCopyFile C:\Program Files\Epic Games\UE_5.8\Engine\Plugins\Mutable\Config\FilterPlugin.ini C:\DGTour\Saved\Temp\Win64\Engine\Plugins\Mutable\Config\FilterPlugin.ini
SafeCopyFile C:\Program Files\Epic Games\UE_5.8\Engine\Plugins\NNE\NNEDenoiser\Config\Game.ini C:\DGTour\Saved\Temp\Win64\Engine\Plugins\NNE\NNEDenoiser\Config\Game.ini
SafeCopyFile C:\Program Files\Epic Games\UE_5.8\Engine\Plugins\Online\OnlineSubsystemUtils\Config\Editor.ini C:\DGTour\Saved\Temp\Win64\Engine\Plugins\Online\OnlineSubsystemUtils\Config\Editor.ini
SafeCopyFile C:\Program Files\Epic Games\UE_5.8\Engine\Plugins\Online\OnlineSubsystemUtils\Config\Localization\OnlineSubsystemUtils.ini C:\DGTour\Saved\Temp\Win64\Engine\Plugins\Online\OnlineSubsystemUtils\Config\Localization\OnlineSubsystemUtils.ini
SafeCopyFile C:\Program Files\Epic Games\UE_5.8\Engine\Plugins\Online\OnlineSubsystem\Config\Localization\OnlineSubsystem.ini C:\DGTour\Saved\Temp\Win64\Engine\Plugins\Online\OnlineSubsystem\Config\Localization\OnlineSubsystem.ini
SafeCopyFile C:\Program Files\Epic Games\UE_5.8\Engine\Plugins\PCG\Config\DefaultPCG.ini C:\DGTour\Saved\Temp\Win64\Engine\Plugins\PCG\Config\DefaultPCG.ini
SafeCopyFile C:\Program Files\Epic Games\UE_5.8\Engine\Plugins\PCG\Config\EditorPerProjectUserSettings.ini C:\DGTour\Saved\Temp\Win64\Engine\Plugins\PCG\Config\EditorPerProjectUserSettings.ini
SafeCopyFile C:\Program Files\Epic Games\UE_5.8\Engine\Plugins\Runtime\HairStrands\Config\DefaultHairStrands.ini C:\DGTour\Saved\Temp\Win64\Engine\Plugins\Runtime\HairStrands\Config\DefaultHairStrands.ini
SafeCopyFile C:\Program Files\Epic Games\UE_5.8\Engine\Plugins\Runtime\InputDebugging\Config\Input.ini C:\DGTour\Saved\Temp\Win64\Engine\Plugins\Runtime\InputDebugging\Config\Input.ini
SafeCopyFile C:\Program Files\Epic Games\UE_5.8\Engine\Plugins\Runtime\Metasound\Config\DefaultMetaSound.ini C:\DGTour\Saved\Temp\Win64\Engine\Plugins\Runtime\Metasound\Config\DefaultMetaSound.ini
SafeCopyFile C:\Program Files\Epic Games\UE_5.8\Engine\Plugins\Runtime\ModelViewViewModel\Config\DefaultModelViewViewModel.ini C:\DGTour\Saved\Temp\Win64\Engine\Plugins\Runtime\ModelViewViewModel\Config\DefaultModelViewViewModel.ini
SafeCopyFile C:\Program Files\Epic Games\UE_5.8\Engine\Plugins\Runtime\PropertyBindingUtils\Config\DefaultPropertyBindingUtils.ini C:\DGTour\Saved\Temp\Win64\Engine\Plugins\Runtime\PropertyBindingUtils\Config\DefaultPropertyBindingUtils.ini
SafeCopyFile C:\Program Files\Epic Games\UE_5.8\Engine\Plugins\Runtime\RigVM\Config\DefaultRigVM.ini C:\DGTour\Saved\Temp\Win64\Engine\Plugins\Runtime\RigVM\Config\DefaultRigVM.ini
SafeCopyFile C:\Program Files\Epic Games\UE_5.8\Engine\Plugins\Runtime\RigVM\Config\Editor.ini C:\DGTour\Saved\Temp\Win64\Engine\Plugins\Runtime\RigVM\Config\Editor.ini
SafeCopyFile C:\Program Files\Epic Games\UE_5.8\Engine\Plugins\Runtime\StateTree\Config\DefaultStateTree.ini C:\DGTour\Saved\Temp\Win64\Engine\Plugins\Runtime\StateTree\Config\DefaultStateTree.ini
SafeCopyFile C:\Program Files\Epic Games\UE_5.8\Engine\Plugins\Runtime\Synthesis\Config\DefaultSynthesis.ini C:\DGTour\Saved\Temp\Win64\Engine\Plugins\Runtime\Synthesis\Config\DefaultSynthesis.ini
SafeCopyFile C:\Program Files\Epic Games\UE_5.8\Engine\Plugins\Runtime\Windows\XInputDevice\Config\Input.ini C:\DGTour\Saved\Temp\Win64\Engine\Plugins\Runtime\Windows\XInputDevice\Config\Input.ini
SafeCopyFile C:\Program Files\Epic Games\UE_5.8\Engine\Plugins\TraceUtilities\Config\DefaultTraceUtilities.ini C:\DGTour\Saved\Temp\Win64\Engine\Plugins\TraceUtilities\Config\DefaultTraceUtilities.ini
SafeCopyFile C:\Program Files\Epic Games\UE_5.8\Engine\Plugins\VirtualProduction\Takes\Config\DefaultTakes.ini C:\DGTour\Saved\Temp\Win64\Engine\Plugins\VirtualProduction\Takes\Config\DefaultTakes.ini
No matching platform for PakFileRules for Section ExcludeContentForMobile : Windows
SafeFindFiles C:\DGTour\Build\Windows\FileOpenOrder GameOpenOrder*.log False
FindFiles C:\DGTour\Build\Windows\FileOpenOrder GameOpenOrder*.log False
SafeFindFiles C:\DGTour\Build\Windows\FileOpenOrder CookerOpenOrder*.log False
FindFiles C:\DGTour\Build\Windows\FileOpenOrder CookerOpenOrder*.log False
SafeFindFiles C:\DGTour\Build\Windows\FileOpenOrder EditorOpenOrder.log False
FindFiles C:\DGTour\Build\Windows\FileOpenOrder EditorOpenOrder.log False
Using 0 pak order files:
SafeCreateDirectory C:\Program Files\Epic Games\UE_5.8\Engine\Programs\AutomationTool\Saved\ResponseFiles
SafeCreateDirectory C:\Program Files\Epic Games\UE_5.8\Engine\Programs\AutomationTool\Saved\ResponseFiles
Running UnrealPak with arguments: "C:\DGTour\DiscGolfTour.uproject"  -cryptokeys="C:\DGTour\Saved\Cooked\Windows\DiscGolfTour\Metadata\Crypto.json" -patchpaddingalign=2048 -compressionformats=Oodle -compresslevel=4 -compressmethod=Kraken  -ProjectStore="C:\DGTour\Saved\Cooked\Windows\ue.projectstore" -platform=Windows  -CreateMultiple="<USER_HOME>\AppData\Roaming\Unreal Engine\AutomationTool\Logs\C+Program+Files+Epic+Games+UE_5.8\PakCommands.txt"
SafeFileExists C:\Program Files\Epic Games\UE_5.8\Engine\Binaries\Win64\UnrealPak.exe=True
Running: C:\Program Files\Epic Games\UE_5.8\Engine\Binaries\Win64\UnrealPak.exe "C:\DGTour\DiscGolfTour.uproject"  -cryptokeys="C:\DGTour\Saved\Cooked\Windows\DiscGolfTour\Metadata\Crypto.json" -patchpaddingalign=2048 -compressionformats=Oodle -compresslevel=4 -compressmethod=Kraken  -ProjectStore="C:\DGTour\Saved\Cooked\Windows\ue.projectstore" -platform=Windows  -CreateMultiple="<USER_HOME>\AppData\Roaming\Unreal Engine\AutomationTool\Logs\C+Program+Files+Epic+Games+UE_5.8\PakCommands.txt"
OodleDataCompression: Display: Oodle v2.9.16 format for pak/iostore with method=Kraken, level=4=Normal
LogStreaming: Display: AsyncLoading2 - Created: Async Loading Thread: false, Async Post Load: false, Multithreaded: false
LogPakFile: Display: ProjectDir: ../../../../../../DGTour/
LogPakFile: Display: Parsing crypto keys from a crypto key cache file
LogPakFile: Display: CompressionFormats in priority order: Oodle, Zlib
LogZenServiceInstance: Display: Launching zen utility 'C:/Program Files/Epic Games/UE_5.8/Engine/Binaries/Win64/zen.exe service status'.
LogZenServiceInstance: Display: Writing plugin version info to '<USER_HOME>/AppData/Local/UnrealEngine/Common/Zen/Install/zen_plugin_versions.json'
LogZenServiceInstance: Display: Read zen version cache file from '<USER_HOME>/AppData/Local/UnrealEngine/5.8/Saved/Zen/zen.version', version: '5.8.13-202605190912-windows-x64-release-094f62c2'
LogZenServiceInstance: Display: Read zen version cache file from '<USER_HOME>/AppData/Local/UnrealEngine/Common/Zen/Install/zen.version', version: '5.8.13-202605190912-windows-x64-release-094f62c2'
LogZenServiceInstance: Display: Installed service at '<USER_HOME>/AppData/Local/UnrealEngine/Common/Zen/Install/zenserver.exe' is up to date
LogZenServiceInstance: Display: Unreal Zen Storage Server HTTP service at http://[::1]:8558 status: OK!.
LogZenStore: Display: Opening oplog DiscGolfTour.20bba5d6 / Windows
LogIoStore: Display: Fetched 988 oplog items from Zen in 1.19 seconds
LogIoStore: Display: Parsed 988 oplog items 0.01 seconds, 4155 chunks
LogIoStore: Display: Loaded 1289 chunk hashes from Zen in 0.06 seconds, 1289 hashes updated in 0.00 seconds
LogPakFile: Display: Oodle enabled on 'NoPluginCompression' files
LogPakFile: Display: Loading response file C:\Program Files\Epic Games\UE_5.8\Engine\Programs\AutomationTool\Saved\ResponseFiles\PakList_DiscGolfTour-Windows.txt
LogPakFile: Display: Added 1758 entries to add to pak file.
LogPakFile: Display: Collecting files to add to pak file...
LogPakFile: Display: Collected 1758 files in 0.00s.
LogPakFile: Display: Creating pak C:/DGTour/Saved/StagedBuilds/Windows/DiscGolfTour/Content/Paks/DiscGolfTour-Windows.pak.
LogPakFile: Display: Created pak file: C:/DGTour/Saved/StagedBuilds/Windows/DiscGolfTour/Content/Paks/DiscGolfTour-Windows.pak
LogPakFile: Display: CompressionFormat 0 [Oodle] : 412 files, 28539101 -> 9852329 bytes
LogPakFile: Display: CompressionFormat 2 [None] : 1346 files, 789687 -> 789687 bytes
LogPakFile: Display: Added 1758 files, 11317153 bytes total
LogPakFile: Display: PrimaryIndex size: 24510 bytes
LogPakFile: Display: PathHashIndex size: 56230 bytes
LogPakFile: Display: FullDirectoryIndex size: 59250 bytes
LogPakFile: Display: Compression summary: 34.52% of original size. Compressed Size 9852329 bytes, Original Size 28539101 bytes.
LogPakFile: Display: Encryption - DISABLED
LogPakFile: Display:
LogPakFile: Display: Writer and Compression Threads exited.
LogPakFile: Display: UnrealPak executed in 1.405548 seconds
Took 1.66s to run UnrealPak.exe, ExitCode=0
SafeDeleteFile <USER_HOME>\AppData\Roaming\Unreal Engine\AutomationTool\Logs\C+Program+Files+Epic+Games+UE_5.8\UnrealPak_CreateMultiplePaks-2026.08.24-17.49.25.txt
SafeCopyFile C:\DGTour\Saved\Logs\UnrealPak.log <USER_HOME>\AppData\Roaming\Unreal Engine\AutomationTool\Logs\C+Program+Files+Epic+Games+UE_5.8\UnrealPak_CreateMultiplePaks-2026.08.24-17.49.25.txt
Running UnrealPak with arguments: "C:\DGTour\DiscGolfTour.uproject" C:\DGTour\DiscGolfTour.uproject -CreateGlobalContainer="C:\DGTour\Saved\StagedBuilds\Windows\DiscGolfTour\Content\Paks\global.utoc" -ProjectStore="C:\DGTour\Saved\Cooked\Windows\ue.projectstore" -CookedDirectory="C:\DGTour\Saved\Cooked\Windows" -Commands="<USER_HOME>\AppData\Roaming\Unreal Engine\AutomationTool\Logs\C+Program+Files+Epic+Games+UE_5.8\IoStoreCommands.txt" -patchpaddingalign=2048 -compressionformats=Oodle -compresslevel=4 -compressmethod=Kraken   -cryptokeys="C:\DGTour\Saved\Cooked\Windows\DiscGolfTour\Metadata\Crypto.json" -compressionMinBytesSaved=1024 -compressionMinPercentSaved=5 -WriteBackMetadataToAssetRegistry=Disabled -platform=Windows 
SafeFileExists C:\Program Files\Epic Games\UE_5.8\Engine\Binaries\Win64\UnrealPak.exe=True
Running: C:\Program Files\Epic Games\UE_5.8\Engine\Binaries\Win64\UnrealPak.exe "C:\DGTour\DiscGolfTour.uproject" C:\DGTour\DiscGolfTour.uproject -CreateGlobalContainer="C:\DGTour\Saved\StagedBuilds\Windows\DiscGolfTour\Content\Paks\global.utoc" -ProjectStore="C:\DGTour\Saved\Cooked\Windows\ue.projectstore" -CookedDirectory="C:\DGTour\Saved\Cooked\Windows" -Commands="<USER_HOME>\AppData\Roaming\Unreal Engine\AutomationTool\Logs\C+Program+Files+Epic+Games+UE_5.8\IoStoreCommands.txt" -patchpaddingalign=2048 -compressionformats=Oodle -compresslevel=4 -compressmethod=Kraken   -cryptokeys="C:\DGTour\Saved\Cooked\Windows\DiscGolfTour\Metadata\Crypto.json" -compressionMinBytesSaved=1024 -compressionMinPercentSaved=5 -WriteBackMetadataToAssetRegistry=Disabled -platform=Windows
OodleDataCompression: Display: Oodle v2.9.16 format for pak/iostore with method=Kraken, level=4=Normal
LogStreaming: Display: AsyncLoading2 - Created: Async Loading Thread: false, Async Post Load: false, Multithreaded: false
LogPakFile: Display: ProjectDir: ../../../../../../DGTour/
LogIoStore: Display: ==================== IoStore Utils ====================
LogIoStore: Display: Parsing crypto keys from a crypto key cache file 'C:\DGTour\Saved\Cooked\Windows\DiscGolfTour\Metadata\Crypto.json'
LogIoStore: Display: Container signing - DISABLED
LogIoStore: Display: Directory index - ENABLED
LogIoStore: Display: Using compression format 'Oodle'
LogConfig: Display: Read in platform Windows ini files took 0.03 seconds
LogIoStore: Display: Using memory mapping alignment '16384'
LogIoStore: Display: Using compression block size '65536'
LogIoStore: Display: Using compression block alignment '2048'
LogIoStore: Display: Using compression min bytes saved '1024'
LogIoStore: Display: Using compression min percent saved '5'
LogIoStore: Display: Using max partition size '0'
LogIoStore: Display: Not using DDC for compression
LogIoStore: Display: Container metadata disabled
LogIoStore: Display: Using command list file: '<USER_HOME>\AppData\Roaming\Unreal Engine\AutomationTool\Logs\C+Program+Files+Epic+Games+UE_5.8\IoStoreCommands.txt'
LogIoStore: Display: Selected Oodle level 4 (Normal) from command line for shaders
LogZenServiceInstance: Display: Launching zen utility 'C:/Program Files/Epic Games/UE_5.8/Engine/Binaries/Win64/zen.exe service status'.
LogZenServiceInstance: Display: Writing plugin version info to '<USER_HOME>/AppData/Local/UnrealEngine/Common/Zen/Install/zen_plugin_versions.json'
LogZenServiceInstance: Display: Read zen version cache file from '<USER_HOME>/AppData/Local/UnrealEngine/5.8/Saved/Zen/zen.version', version: '5.8.13-202605190912-windows-x64-release-094f62c2'
LogZenServiceInstance: Display: Read zen version cache file from '<USER_HOME>/AppData/Local/UnrealEngine/Common/Zen/Install/zen.version', version: '5.8.13-202605190912-windows-x64-release-094f62c2'
LogZenServiceInstance: Display: Installed service at '<USER_HOME>/AppData/Local/UnrealEngine/Common/Zen/Install/zenserver.exe' is up to date
LogZenServiceInstance: Display: Unreal Zen Storage Server HTTP service at http://[::1]:8558 status: OK!.
LogZenStore: Display: Opening oplog DiscGolfTour.20bba5d6 / Windows
LogIoStore: Display: Fetched 988 oplog items from Zen in 1.45 seconds
LogIoStore: Display: Parsed 988 oplog items 0.01 seconds, 4155 chunks
LogIoStore: Display: Loaded 1289 chunk hashes from Zen in 0.00 seconds, 1289 hashes updated in 0.00 seconds
LogIoStore: Display: Searching for cooked assets in folder 'C:\DGTour\Saved\Cooked\Windows'
LogIoStore: Display: Found '8' files
LogIoStore: Display: Creating container targets...
LogIoStore: Display: Processing shader libraries, compressing with Oodle Mermaid, level 4 (Normal)
LogIoStore: Display: Shader library chunk override is disabled
LogShaderLibrary: Display: Created IoStoreShaderArchive header: shaders grouped in 268 groups (83 of them didn't need new indices), average uncompressed size 73899 bytes, min 502 bytes, max 921625 bytes (r.ShaderCodeLibrary.MaxShaderGroupSize=1048576)
LogIoStore: Display: DiscGolfTour-PCD3D_SM5(PCD3D_SM5): Recompressed 1851 shaders as 268 groups. Library size changed from 5676 KB (3.41 : 1 ratio) to 2295 KB (8.43 : 1 ratio), 40.43% of previous.
LogIoStore: Display: Save IoStoreShaderCodeArchive 'DiscGolfTour-PCD3D_SM5-PCD3D_SM5' with ChunkId 'c1600a3358815a9300000008' for target file 'C:/DGTour/Saved/Cooked/Windows/DiscGolfTour/Content/ShaderArchive-DiscGolfTour-PCD3D_SM5-PCD3D_SM5.ushaderbytecode'
LogShaderLibrary: Display: Created IoStoreShaderArchive header: shaders grouped in 422 groups (178 of them didn't need new indices), average uncompressed size 137204 bytes, min 249 bytes, max 1042761 bytes (r.ShaderCodeLibrary.MaxShaderGroupSize=1048576)
LogIoStore: Display: Global-PCD3D_SM5(PCD3D_SM5): Recompressed 4401 shaders as 422 groups. Library size changed from 13116 KB (4.31 : 1 ratio) to 5448 KB (10.38 : 1 ratio), 41.54% of previous.
LogIoStore: Display: Save IoStoreShaderCodeArchive 'Global-PCD3D_SM5-PCD3D_SM5' with ChunkId 'c3fad98e7ca0cc3100000008' for target file 'C:/DGTour/Saved/Cooked/Windows/DiscGolfTour/Content/ShaderArchive-Global-PCD3D_SM5-PCD3D_SM5.ushaderbytecode'
LogShaderLibrary: Display: Created IoStoreShaderArchive header: shaders grouped in 600 groups (197 of them didn't need new indices), average uncompressed size 245818 bytes, min 1249 bytes, max 1036717 bytes (r.ShaderCodeLibrary.MaxShaderGroupSize=1048576)
LogIoStore: Display: Global-PCD3D_SM6(PCD3D_SM6): Recompressed 8985 shaders as 600 groups. Library size changed from 109353 KB (1.32 : 1 ratio) to 64289 KB (2.24 : 1 ratio), 58.79% of previous.
LogIoStore: Display: Save IoStoreShaderCodeArchive 'Global-PCD3D_SM6-PCD3D_SM6' with ChunkId '1680bae1ae38d5b900000008' for target file 'C:/DGTour/Saved/Cooked/Windows/DiscGolfTour/Content/ShaderArchive-Global-PCD3D_SM6-PCD3D_SM6.ushaderbytecode'
LogShaderLibrary: Display: Created IoStoreShaderArchive header: shaders grouped in 310 groups (81 of them didn't need new indices), average uncompressed size 139317 bytes, min 2378 bytes, max 1018037 bytes (r.ShaderCodeLibrary.MaxShaderGroupSize=1048576)
LogIoStore: Display: DiscGolfTour-PCD3D_SM6(PCD3D_SM6): Recompressed 2987 shaders as 310 groups. Library size changed from 31881 KB (1.32 : 1 ratio) to 20488 KB (2.06 : 1 ratio), 64.26% of previous.
LogIoStore: Display: Save IoStoreShaderCodeArchive 'DiscGolfTour-PCD3D_SM6-PCD3D_SM6' with ChunkId '53d6c2dfda329ede00000008' for target file 'C:/DGTour/Saved/Cooked/Windows/DiscGolfTour/Content/ShaderArchive-DiscGolfTour-PCD3D_SM6-PCD3D_SM6.ushaderbytecode'
LogIoStore: Display: Shaders processed in 1.12 seconds
LogIoStore: Display: Initialized WriteRequestManager with MaxConcurrentSourceReads=8 (16 cores), MaxSourceBufferMemory=3072MiB
LogIoStore: Display: Processing redirects...
LogIoStore: Display: Creating disk layout...
LogIoStore: Display: Ordered 985 packages using fallback bundle order
LogIoStore: Display: Disabled WriteRequestManager memory throttling, MaxConcurrentSourceReads=8 (16 cores)
LogIoStore: Display: Writing container(s)...
LogIoStore: Display: Writing chunks 1653/2895... [287 compressed] [Scheduled: 1436 MiB] [Physical: 768 MiB, Virtual: 3628 MiB]
LogIoStore: Display: Writing chunks 2541/2895... [948 compressed] [1834 compression tasks] [Scheduled: 757 MiB] [Physical: 1509 MiB, Virtual: 3961 MiB]
LogIoStore: Display: Writing and compressing took 5.38 seconds, writes to disk took 1.36 seconds for 1,042,312,416 bytes @ 768,523,810 bytes per second.
LogIoStore: Display: global: Found perfect hashmap for 1 items.
LogIoStore: Display: DiscGolfTour-Windows: Found perfect hashmap for 2894 items.
LogIoStore: Display: Finalize took 0.0 seconds for 2 writers to write 525,575 bytes, 34,759,104 bytes per second
LogIoStore: Display: Writing tocs... [Physical: 1176 MiB, Virtual: 3527 MiB]
LogIoStore: Display: 1,289 / 2,895 hashes were loaded from the hash database, by type:
LogIoStore: Display:     ExportBundleData           985
LogIoStore: Display:     BulkData                   302
LogIoStore: Display:     OptionalBulkData           2
LogIoStore: Display: 1,289 / 2,895 chunks attempted to compress, by type:
LogIoStore: Display:     ExportBundleData           985 / 985
LogIoStore: Display:     BulkData                   302 / 302
LogIoStore: Display:     OptionalBulkData           2 / 2
LogIoStore: Display:     ScriptObjects              0 / 1
LogIoStore: Display:     ContainerHeader            0 / 1
LogIoStore: Display:     ShaderCodeLibrary          0 / 4
LogIoStore: Display:     ShaderCode                 0 / 1,600
LogIoStore: Display: Source bytes read:
LogIoStore: Display:     Zen:                      1,509,153,826
LogIoStore: Display:         ExportBundleData        906,694,574 bytes over 985 reads
LogIoStore: Display:         BulkData                535,350,388 bytes over 302 reads
LogIoStore: Display:         OptionalBulkData         67,108,864 bytes over 2 reads
LogIoStore: Display:     Loose File:                           0
LogIoStore: Display:     Memory:                     190,506,862
LogIoStore: Display:         ShaderCodeLibrary         1,022,464 bytes over 8 reads
LogIoStore: Display:         ShaderCode              189,484,398 bytes over 3,200 reads
LogIoStore: Display: Calculating stats...
LogIoStore: Display:
LogIoStore: Display: Container Summary
LogIoStore: Display: ==================
LogIoStore: Display:
LogIoStore: Display:                      Container      Flags      Chunk(s) #       TOC (KiB)       Raw Size (MiB)           Size (MiB)
LogIoStore: Display: -------------------------------------------------------------------------------------------------------------------
LogIoStore: Display:                         global  -/-/-/-/-               1            0.82                 3.37                 3.37 -
LogIoStore: Display:           DiscGolfTour-Windows  C/-/-/I/-            2894          512.43              1532.19               990.66 (35.34% Oodle)
LogIoStore: Display: -------------------------------------------------------------------------------------------------------------------
LogIoStore: Display:                          Total                       2895          513.26              1535.56               994.03
LogIoStore: Display:
LogIoStore: Display: ** Flags: (C)ompressed / (E)ncrypted / (S)igned) / (I)ndexed) / (O)nDemand **
LogIoStore: Display:
LogIoStore: Display: Compression block padding:     2.07 MiB
LogIoStore: Display:
LogIoStore: Display: Container Directory Index
LogIoStore: Display: ==========================
LogIoStore: Display:
LogIoStore: Display:                      Container      Size (KiB)
LogIoStore: Display: ----------------------------------------------
LogIoStore: Display:                         global            0.00
LogIoStore: Display:           DiscGolfTour-Windows           62.85
LogIoStore: Display:
LogIoStore: Display: Container Patch Report
LogIoStore: Display: ========================
LogIoStore: Display:
LogIoStore: Display:                      Container          Total #       Modified #          Added #   Modified (MiB)      Added (MiB)
LogIoStore: Display: -------------------------------------------------------------------------------------------------------------------
LogIoStore: Display:                         global                1                0                0             0.00             0.00
LogIoStore: Display:           DiscGolfTour-Windows             2894                0             2894             0.00           988.59
LogIoStore: Display: -------------------------------------------------------------------------------------------------------------------
LogIoStore: Display:
LogIoStore: Display: PackageStore
LogIoStore: Display: =============
LogIoStore: Display:
LogIoStore: Display:                      Container      Size (KiB)      Packages #     Localized #
LogIoStore: Display: ------------------------------------------------------------------------------
LogIoStore: Display:           DiscGolfTour-Windows              27             985               0
LogIoStore: Display: ------------------------------------------------------------------------------
LogIoStore: Display:                          Total              27             985               0
LogIoStore: Display:
LogIoStore: Display:
LogIoStore: Display: Input:       985 Packages
LogIoStore: Display: Input:         0   B UExp
LogIoStore: Display: Input:    864.69 MiB UAsset
LogIoStore: Display: Input:    574.55 MiB UBulk
LogIoStore: Display: Input:     68.10 MiB for 1022 Global shaders
LogIoStore: Display: Input:      2.86 MiB for 237 Shared shaders
LogIoStore: Display: Input:         0   B for 0 Unique shaders
LogIoStore: Display: Input:     19.39 MiB for 341 Inline shaders
LogIoStore: Display:
LogIoStore: Display: Output:     1086 Imported package entries
LogIoStore: Display: Output:      670 Packages without imports
LogIoStore: Display: Output:        0 Public runtime script objects
LogIoStore: Display: Output:     3.37 MiB InitialLoadData
LogIoStore: Display:
LogIoStore: Display: Success
LogPakFile: Display: UnrealPak executed in 8.106135 seconds
Took 8.47s to run UnrealPak.exe, ExitCode=0
SafeDeleteFile <USER_HOME>\AppData\Roaming\Unreal Engine\AutomationTool\Logs\C+Program+Files+Epic+Games+UE_5.8\UnrealPak_CreateIoStoreContainers-2026.08.24-17.49.33.txt
SafeCopyFile C:\DGTour\Saved\Logs\UnrealPak.log <USER_HOME>\AppData\Roaming\Unreal Engine\AutomationTool\Logs\C+Program+Files+Epic+Games+UE_5.8\UnrealPak_CreateIoStoreContainers-2026.08.24-17.49.33.txt
DumpManifest: <USER_HOME>\AppData\Roaming\Unreal Engine\AutomationTool\Logs\C+Program+Files+Epic+Games+UE_5.8\FinalCopyWin64_UFSFiles.txt, NumItems: 3052
SafeWriteAllLines <USER_HOME>\AppData\Roaming\Unreal Engine\AutomationTool\Logs\C+Program+Files+Epic+Games+UE_5.8\FinalCopyWin64_UFSFiles.txt
DumpManifest: <USER_HOME>\AppData\Roaming\Unreal Engine\AutomationTool\Logs\C+Program+Files+Epic+Games+UE_5.8\FinalCopyWin64_NonUFSFiles.txt, NumItems: 40
SafeWriteAllLines <USER_HOME>\AppData\Roaming\Unreal Engine\AutomationTool\Logs\C+Program+Files+Epic+Games+UE_5.8\FinalCopyWin64_NonUFSFiles.txt
DumpManifest: <USER_HOME>\AppData\Roaming\Unreal Engine\AutomationTool\Logs\C+Program+Files+Epic+Games+UE_5.8\FinalCopyWin64_NonUFSFilesDebug.txt, NumItems: 6
SafeWriteAllLines <USER_HOME>\AppData\Roaming\Unreal Engine\AutomationTool\Logs\C+Program+Files+Epic+Games+UE_5.8\FinalCopyWin64_NonUFSFilesDebug.txt
Copying NonUFSFiles to staging directory: C:\DGTour\Saved\StagedBuilds\Windows
SafeCreateDirectory C:\DGTour\Saved\StagedBuilds\Windows\DiscGolfTour\Binaries\Win64\D3D12\x64
SafeCopyFile C:\DGTour\Binaries\Win64\D3D12\x64\D3D12Core.dll C:\DGTour\Saved\StagedBuilds\Windows\DiscGolfTour\Binaries\Win64\D3D12\x64\D3D12Core.dll
SafeCopyFile C:\DGTour\Binaries\Win64\D3D12\x64\d3d12SDKLayers.dll C:\DGTour\Saved\StagedBuilds\Windows\DiscGolfTour\Binaries\Win64\D3D12\x64\d3d12SDKLayers.dll
SafeCreateDirectory C:\DGTour\Saved\StagedBuilds\Windows\DiscGolfTour\Binaries\Win64\DML\x64
SafeCopyFile C:\DGTour\Binaries\Win64\DML\x64\DirectML.dll C:\DGTour\Saved\StagedBuilds\Windows\DiscGolfTour\Binaries\Win64\DML\x64\DirectML.dll
SafeCopyFile C:\DGTour\Binaries\Win64\DiscGolfTour.exe C:\DGTour\Saved\StagedBuilds\Windows\DiscGolfTour\Binaries\Win64\DiscGolfTour.exe
SafeCopyFile C:\DGTour\Binaries\Win64\tbb12.dll C:\DGTour\Saved\StagedBuilds\Windows\DiscGolfTour\Binaries\Win64\tbb12.dll
SafeCopyFile C:\DGTour\Binaries\Win64\tbbmalloc.dll C:\DGTour\Saved\StagedBuilds\Windows\DiscGolfTour\Binaries\Win64\tbbmalloc.dll
SafeCreateDirectory C:\DGTour\Saved\StagedBuilds\Windows\DiscGolfTour\Data
SafeCopyFile C:\DGTour\Data\PhysicsRegressionPresets.json C:\DGTour\Saved\StagedBuilds\Windows\DiscGolfTour\Data\PhysicsRegressionPresets.json
SafeCopyFile C:\DGTour\Data\PineRidgeCourse.json C:\DGTour\Saved\StagedBuilds\Windows\DiscGolfTour\Data\PineRidgeCourse.json
SafeCopyFile C:\DGTour\Data\PineRidgeHole1.json C:\DGTour\Saved\StagedBuilds\Windows\DiscGolfTour\Data\PineRidgeHole1.json
SafeCopyFile C:\DGTour\Data\PineRidgeHole2.json C:\DGTour\Saved\StagedBuilds\Windows\DiscGolfTour\Data\PineRidgeHole2.json
SafeCopyFile C:\DGTour\Data\PineRidgeHole3.json C:\DGTour\Saved\StagedBuilds\Windows\DiscGolfTour\Data\PineRidgeHole3.json
SafeCopyFile C:\DGTour\Data\PineRidgePresentation.json C:\DGTour\Saved\StagedBuilds\Windows\DiscGolfTour\Data\PineRidgePresentation.json
SafeCreateDirectory C:\DGTour\Saved\StagedBuilds\Windows\Engine\Binaries\ThirdParty\DbgHelp
SafeCopyFile C:\Program Files\Epic Games\UE_5.8\Engine\Binaries\ThirdParty\DbgHelp\dbghelp.dll C:\DGTour\Saved\StagedBuilds\Windows\Engine\Binaries\ThirdParty\DbgHelp\dbghelp.dll
SafeCreateDirectory C:\DGTour\Saved\StagedBuilds\Windows\Engine\Binaries\ThirdParty\MsQuic\v220\win64
SafeCopyFile C:\Program Files\Epic Games\UE_5.8\Engine\Binaries\ThirdParty\MsQuic\v220\win64\msquic.dll C:\DGTour\Saved\StagedBuilds\Windows\Engine\Binaries\ThirdParty\MsQuic\v220\win64\msquic.dll
SafeCreateDirectory C:\DGTour\Saved\StagedBuilds\Windows\Engine\Binaries\ThirdParty\NVIDIA\NVaftermath\Win64
SafeCopyFile C:\Program Files\Epic Games\UE_5.8\Engine\Binaries\ThirdParty\NVIDIA\NVaftermath\Win64\GFSDK_Aftermath_Lib.x64.dll C:\DGTour\Saved\StagedBuilds\Windows\Engine\Binaries\ThirdParty\NVIDIA\NVaftermath\Win64\GFSDK_Aftermath_Lib.x64.dll
SafeCreateDirectory C:\DGTour\Saved\StagedBuilds\Windows\Engine\Binaries\ThirdParty\Ogg\Win64\VS2015
SafeCopyFile C:\Program Files\Epic Games\UE_5.8\Engine\Binaries\ThirdParty\Ogg\Win64\VS2015\libogg_64.dll C:\DGTour\Saved\StagedBuilds\Windows\Engine\Binaries\ThirdParty\Ogg\Win64\VS2015\libogg_64.dll
SafeCreateDirectory C:\DGTour\Saved\StagedBuilds\Windows\Engine\Binaries\ThirdParty\Vorbis\Win64\VS2015
SafeCopyFile C:\Program Files\Epic Games\UE_5.8\Engine\Binaries\ThirdParty\Vorbis\Win64\VS2015\libvorbis_64.dll C:\DGTour\Saved\StagedBuilds\Windows\Engine\Binaries\ThirdParty\Vorbis\Win64\VS2015\libvorbis_64.dll
SafeCopyFile C:\Program Files\Epic Games\UE_5.8\Engine\Binaries\ThirdParty\Vorbis\Win64\VS2015\libvorbisfile_64.dll C:\DGTour\Saved\StagedBuilds\Windows\Engine\Binaries\ThirdParty\Vorbis\Win64\VS2015\libvorbisfile_64.dll
SafeCreateDirectory C:\DGTour\Saved\StagedBuilds\Windows\Engine\Binaries\ThirdParty\Windows\WinPixEventRuntime\x64
SafeCopyFile C:\Program Files\Epic Games\UE_5.8\Engine\Binaries\ThirdParty\Windows\WinPixEventRuntime\x64\WinPixEventRuntime.dll C:\DGTour\Saved\StagedBuilds\Windows\Engine\Binaries\ThirdParty\Windows\WinPixEventRuntime\x64\WinPixEventRuntime.dll
SafeCreateDirectory C:\DGTour\Saved\StagedBuilds\Windows\Engine\Binaries\ThirdParty\Windows\XAudio2_9\x64
SafeCopyFile C:\Program Files\Epic Games\UE_5.8\Engine\Binaries\ThirdParty\Windows\XAudio2_9\x64\xaudio2_9redist.dll C:\DGTour\Saved\StagedBuilds\Windows\Engine\Binaries\ThirdParty\Windows\XAudio2_9\x64\xaudio2_9redist.dll
SafeCreateDirectory C:\DGTour\Saved\StagedBuilds\Windows\Engine\Content\Renderer
SafeCopyFile C:\Program Files\Epic Games\UE_5.8\Engine\Content\Renderer\TessellationTable.bin C:\DGTour\Saved\StagedBuilds\Windows\Engine\Content\Renderer\TessellationTable.bin
SafeCreateDirectory C:\DGTour\Saved\StagedBuilds\Windows\Engine\Content\Slate\Cursor
SafeCopyFile C:\Program Files\Epic Games\UE_5.8\Engine\Content\Slate\Cursor\invisible.cur C:\DGTour\Saved\StagedBuilds\Windows\Engine\Content\Slate\Cursor\invisible.cur
SafeCreateDirectory C:\DGTour\Saved\StagedBuilds\Windows\Engine\Plugins\NNE\NNERuntimeORT\Binaries\ThirdParty\Onnxruntime\Win64
SafeCopyFile C:\Program Files\Epic Games\UE_5.8\Engine\Plugins\NNE\NNERuntimeORT\Binaries\ThirdParty\Onnxruntime\Win64\onnxruntime.dll C:\DGTour\Saved\StagedBuilds\Windows\Engine\Plugins\NNE\NNERuntimeORT\Binaries\ThirdParty\Onnxruntime\Win64\onnxruntime.dll
SafeCreateDirectory C:\DGTour\Saved\StagedBuilds\Windows\Engine\Config
SafeCopyFile C:\Program Files\Epic Games\UE_5.8\Engine\Intermediate\Build\BuildCookRun\StagedBuild_DiscGolfTour.ini C:\DGTour\Saved\StagedBuilds\Windows\Engine\Config\StagedBuild_DiscGolfTour.ini
SafeCreateDirectory C:\DGTour\Saved\StagedBuilds\Windows\Engine\Binaries\ThirdParty\Vulkan\Win64
SafeCopyFile C:\Program Files\Epic Games\UE_5.8\Engine\Binaries\ThirdParty\Vulkan\Win64\VkLayer_api_dump.dll C:\DGTour\Saved\StagedBuilds\Windows\Engine\Binaries\ThirdParty\Vulkan\Win64\VkLayer_api_dump.dll
SafeCopyFile C:\Program Files\Epic Games\UE_5.8\Engine\Binaries\ThirdParty\Vulkan\Win64\VkLayer_api_dump.json C:\DGTour\Saved\StagedBuilds\Windows\Engine\Binaries\ThirdParty\Vulkan\Win64\VkLayer_api_dump.json
SafeCopyFile C:\Program Files\Epic Games\UE_5.8\Engine\Binaries\ThirdParty\Vulkan\Win64\VkLayer_crash_diagnostic.dll C:\DGTour\Saved\StagedBuilds\Windows\Engine\Binaries\ThirdParty\Vulkan\Win64\VkLayer_crash_diagnostic.dll
SafeCopyFile C:\Program Files\Epic Games\UE_5.8\Engine\Binaries\ThirdParty\Vulkan\Win64\VkLayer_crash_diagnostic.json C:\DGTour\Saved\StagedBuilds\Windows\Engine\Binaries\ThirdParty\Vulkan\Win64\VkLayer_crash_diagnostic.json
SafeCopyFile C:\Program Files\Epic Games\UE_5.8\Engine\Binaries\ThirdParty\Vulkan\Win64\VkLayer_gfxreconstruct.dll C:\DGTour\Saved\StagedBuilds\Windows\Engine\Binaries\ThirdParty\Vulkan\Win64\VkLayer_gfxreconstruct.dll
SafeCopyFile C:\Program Files\Epic Games\UE_5.8\Engine\Binaries\ThirdParty\Vulkan\Win64\VkLayer_gfxreconstruct.json C:\DGTour\Saved\StagedBuilds\Windows\Engine\Binaries\ThirdParty\Vulkan\Win64\VkLayer_gfxreconstruct.json
SafeCopyFile C:\Program Files\Epic Games\UE_5.8\Engine\Binaries\ThirdParty\Vulkan\Win64\VkLayer_khronos_profiles.dll C:\DGTour\Saved\StagedBuilds\Windows\Engine\Binaries\ThirdParty\Vulkan\Win64\VkLayer_khronos_profiles.dll
SafeCopyFile C:\Program Files\Epic Games\UE_5.8\Engine\Binaries\ThirdParty\Vulkan\Win64\VkLayer_khronos_profiles.json C:\DGTour\Saved\StagedBuilds\Windows\Engine\Binaries\ThirdParty\Vulkan\Win64\VkLayer_khronos_profiles.json
SafeCopyFile C:\Program Files\Epic Games\UE_5.8\Engine\Binaries\ThirdParty\Vulkan\Win64\VkLayer_khronos_shader_object.dll C:\DGTour\Saved\StagedBuilds\Windows\Engine\Binaries\ThirdParty\Vulkan\Win64\VkLayer_khronos_shader_object.dll
SafeCopyFile C:\Program Files\Epic Games\UE_5.8\Engine\Binaries\ThirdParty\Vulkan\Win64\VkLayer_khronos_shader_object.json C:\DGTour\Saved\StagedBuilds\Windows\Engine\Binaries\ThirdParty\Vulkan\Win64\VkLayer_khronos_shader_object.json
SafeCopyFile C:\Program Files\Epic Games\UE_5.8\Engine\Binaries\ThirdParty\Vulkan\Win64\VkLayer_khronos_synchronization2.dll C:\DGTour\Saved\StagedBuilds\Windows\Engine\Binaries\ThirdParty\Vulkan\Win64\VkLayer_khronos_synchronization2.dll
SafeCopyFile C:\Program Files\Epic Games\UE_5.8\Engine\Binaries\ThirdParty\Vulkan\Win64\VkLayer_khronos_synchronization2.json C:\DGTour\Saved\StagedBuilds\Windows\Engine\Binaries\ThirdParty\Vulkan\Win64\VkLayer_khronos_synchronization2.json
SafeCopyFile C:\Program Files\Epic Games\UE_5.8\Engine\Binaries\ThirdParty\Vulkan\Win64\VkLayer_khronos_validation.dll C:\DGTour\Saved\StagedBuilds\Windows\Engine\Binaries\ThirdParty\Vulkan\Win64\VkLayer_khronos_validation.dll
SafeCopyFile C:\Program Files\Epic Games\UE_5.8\Engine\Binaries\ThirdParty\Vulkan\Win64\VkLayer_khronos_validation.json C:\DGTour\Saved\StagedBuilds\Windows\Engine\Binaries\ThirdParty\Vulkan\Win64\VkLayer_khronos_validation.json
SafeCopyFile C:\DGTour\Intermediate\Staging\DiscGolfTour.exe C:\DGTour\Saved\StagedBuilds\Windows\DiscGolfTour.exe
SafeCopyFile C:\Program Files\Epic Games\UE_5.8\Engine\Source\ThirdParty\Licenses\NOTICES.txt C:\DGTour\Saved\StagedBuilds\Windows\NOTICES.txt
SafeDeleteFile C:\DGTour\Saved\StagedBuilds\Windows\Manifest_NonUFSFiles_Win64.txt
SafeDeleteFile <USER_HOME>\AppData\Roaming\Unreal Engine\AutomationTool\Logs\C+Program+Files+Epic+Games+UE_5.8\Manifest_NonUFSFiles_Win64.txt
SafeWriteAllLines <USER_HOME>\AppData\Roaming\Unreal Engine\AutomationTool\Logs\C+Program+Files+Epic+Games+UE_5.8\Manifest_NonUFSFiles_Win64.txt
SafeCopyFile <USER_HOME>\AppData\Roaming\Unreal Engine\AutomationTool\Logs\C+Program+Files+Epic+Games+UE_5.8\Manifest_NonUFSFiles_Win64.txt C:\DGTour\Saved\StagedBuilds\Windows\Manifest_NonUFSFiles_Win64.txt
SafeDeleteFile C:\DGTour\Saved\StagedBuilds\Windows\Manifest_UFSFiles_Win64.txt
SafeDeleteFile <USER_HOME>\AppData\Roaming\Unreal Engine\AutomationTool\Logs\C+Program+Files+Epic+Games+UE_5.8\Manifest_UFSFiles_Win64.txt
SafeWriteAllLines <USER_HOME>\AppData\Roaming\Unreal Engine\AutomationTool\Logs\C+Program+Files+Epic+Games+UE_5.8\Manifest_UFSFiles_Win64.txt
SafeCopyFile <USER_HOME>\AppData\Roaming\Unreal Engine\AutomationTool\Logs\C+Program+Files+Epic+Games+UE_5.8\Manifest_UFSFiles_Win64.txt C:\DGTour\Saved\StagedBuilds\Windows\Manifest_UFSFiles_Win64.txt
Copying DebugFiles to staging directory: C:\DGTour\Saved\StagedBuilds\Windows
SafeCopyFile C:\DGTour\Binaries\Win64\DiscGolfTour.pdb C:\DGTour\Saved\StagedBuilds\Windows\DiscGolfTour\Binaries\Win64\DiscGolfTour.pdb
SafeCreateDirectory C:\DGTour\Saved\StagedBuilds\Windows\Engine\Content\SlateDebug\Fonts
SafeCopyFile C:\Program Files\Epic Games\UE_5.8\Engine\Content\SlateDebug\Fonts\LastResort.tps C:\DGTour\Saved\StagedBuilds\Windows\Engine\Content\SlateDebug\Fonts\LastResort.tps
SafeCopyFile C:\Program Files\Epic Games\UE_5.8\Engine\Content\SlateDebug\Fonts\LastResort.ttf C:\DGTour\Saved\StagedBuilds\Windows\Engine\Content\SlateDebug\Fonts\LastResort.ttf
SafeCreateDirectory C:\DGTour\Saved\StagedBuilds\Windows\Engine\Extras\GPUDumpViewer
SafeCopyFile C:\Program Files\Epic Games\UE_5.8\Engine\Extras\GPUDumpViewer\GPUDumpViewer.html C:\DGTour\Saved\StagedBuilds\Windows\Engine\Extras\GPUDumpViewer\GPUDumpViewer.html
SafeCopyFile C:\Program Files\Epic Games\UE_5.8\Engine\Extras\GPUDumpViewer\OpenGPUDumpViewer.bat C:\DGTour\Saved\StagedBuilds\Windows\Engine\Extras\GPUDumpViewer\OpenGPUDumpViewer.bat
SafeCopyFile C:\Program Files\Epic Games\UE_5.8\Engine\Extras\GPUDumpViewer\OpenGPUDumpViewer.sh C:\DGTour\Saved\StagedBuilds\Windows\Engine\Extras\GPUDumpViewer\OpenGPUDumpViewer.sh
SafeDeleteFile C:\DGTour\Saved\StagedBuilds\Windows\Manifest_DebugFiles_Win64.txt
SafeDeleteFile <USER_HOME>\AppData\Roaming\Unreal Engine\AutomationTool\Logs\C+Program+Files+Epic+Games+UE_5.8\Manifest_DebugFiles_Win64.txt
SafeWriteAllLines <USER_HOME>\AppData\Roaming\Unreal Engine\AutomationTool\Logs\C+Program+Files+Epic+Games+UE_5.8\Manifest_DebugFiles_Win64.txt
SafeCopyFile <USER_HOME>\AppData\Roaming\Unreal Engine\AutomationTool\Logs\C+Program+Files+Epic+Games+UE_5.8\Manifest_DebugFiles_Win64.txt C:\DGTour\Saved\StagedBuilds\Windows\Manifest_DebugFiles_Win64.txt
Stage command time: 44.71 s
********** STAGE COMMAND COMPLETED **********
Deployment Context **************
ProjectFile = C:\DGTour\DiscGolfTour.uproject
ArchiveDir = C:\DGTour_Packages\S18_PolyHavenProvenance_63624166-aa24-49d0-a89f-74a125a36be2\Windows
IsCodeBasedUprojectFile = True
DedicatedServer = False
Stage = True
StageTargetPlatform = Win64
InputRootDir = C:\Program Files\Epic Games\UE_5.8
InputProjectDir = C:\DGTour
PlatformDir = Win64
StagedOutputDir = C:\DGTour\Saved\StagedBuilds\Windows
ShortProjectName = DiscGolfTour
ProjectArgForCommandLines = -project="../../../DiscGolfTour/DiscGolfTour.uproject"
RunRootDir = C:\DGTour\Saved\StagedBuilds\Windows
RunProjectDir = C:\DGTour\Saved\StagedBuilds\Windows\DiscGolfTour
PakFileInternalRoot = ../../../
PlatformUsesChunkManifests = False
End Deployment Context **************
********** ARCHIVE COMMAND STARTED **********
Archiving to C:\DGTour_Packages\S18_PolyHavenProvenance_63624166-aa24-49d0-a89f-74a125a36be2
Deployment Context **************
ProjectFile = C:\DGTour\DiscGolfTour.uproject
ArchiveDir = C:\DGTour_Packages\S18_PolyHavenProvenance_63624166-aa24-49d0-a89f-74a125a36be2\Windows
IsCodeBasedUprojectFile = True
DedicatedServer = False
Stage = True
StageTargetPlatform = Win64
InputRootDir = C:\Program Files\Epic Games\UE_5.8
InputProjectDir = C:\DGTour
PlatformDir = Win64
StagedOutputDir = C:\DGTour\Saved\StagedBuilds\Windows
ShortProjectName = DiscGolfTour
ProjectArgForCommandLines = -project="../../../DiscGolfTour/DiscGolfTour.uproject"
RunRootDir = C:\DGTour\Saved\StagedBuilds\Windows
RunProjectDir = C:\DGTour\Saved\StagedBuilds\Windows\DiscGolfTour
PakFileInternalRoot = ../../../
PlatformUsesChunkManifests = False
End Deployment Context **************
SafeCopyFile C:\DGTour\Saved\StagedBuilds\Windows\DiscGolfTour.exe C:\DGTour_Packages\S18_PolyHavenProvenance_63624166-aa24-49d0-a89f-74a125a36be2\Windows\DiscGolfTour.exe
SafeCreateDirectory C:\DGTour_Packages\S18_PolyHavenProvenance_63624166-aa24-49d0-a89f-74a125a36be2\Windows
SafeCopyFile C:\DGTour\Saved\StagedBuilds\Windows\Manifest_DebugFiles_Win64.txt C:\DGTour_Packages\S18_PolyHavenProvenance_63624166-aa24-49d0-a89f-74a125a36be2\Windows\Manifest_DebugFiles_Win64.txt
SafeCreateDirectory C:\DGTour_Packages\S18_PolyHavenProvenance_63624166-aa24-49d0-a89f-74a125a36be2\Windows
SafeCopyFile C:\DGTour\Saved\StagedBuilds\Windows\Manifest_NonUFSFiles_Win64.txt C:\DGTour_Packages\S18_PolyHavenProvenance_63624166-aa24-49d0-a89f-74a125a36be2\Windows\Manifest_NonUFSFiles_Win64.txt
SafeCreateDirectory C:\DGTour_Packages\S18_PolyHavenProvenance_63624166-aa24-49d0-a89f-74a125a36be2\Windows
SafeCopyFile C:\DGTour\Saved\StagedBuilds\Windows\Manifest_UFSFiles_Win64.txt C:\DGTour_Packages\S18_PolyHavenProvenance_63624166-aa24-49d0-a89f-74a125a36be2\Windows\Manifest_UFSFiles_Win64.txt
SafeCreateDirectory C:\DGTour_Packages\S18_PolyHavenProvenance_63624166-aa24-49d0-a89f-74a125a36be2\Windows
SafeCopyFile C:\DGTour\Saved\StagedBuilds\Windows\NOTICES.txt C:\DGTour_Packages\S18_PolyHavenProvenance_63624166-aa24-49d0-a89f-74a125a36be2\Windows\NOTICES.txt
SafeCreateDirectory C:\DGTour_Packages\S18_PolyHavenProvenance_63624166-aa24-49d0-a89f-74a125a36be2\Windows
SafeCopyFile C:\DGTour\Saved\StagedBuilds\Windows\DiscGolfTour\Data\PhysicsRegressionPresets.json C:\DGTour_Packages\S18_PolyHavenProvenance_63624166-aa24-49d0-a89f-74a125a36be2\Windows\DiscGolfTour\Data\PhysicsRegressionPresets.json
SafeCreateDirectory C:\DGTour_Packages\S18_PolyHavenProvenance_63624166-aa24-49d0-a89f-74a125a36be2\Windows\DiscGolfTour\Data
SafeCopyFile C:\DGTour\Saved\StagedBuilds\Windows\DiscGolfTour\Data\PineRidgeCourse.json C:\DGTour_Packages\S18_PolyHavenProvenance_63624166-aa24-49d0-a89f-74a125a36be2\Windows\DiscGolfTour\Data\PineRidgeCourse.json
SafeCreateDirectory C:\DGTour_Packages\S18_PolyHavenProvenance_63624166-aa24-49d0-a89f-74a125a36be2\Windows\DiscGolfTour\Data
SafeCopyFile C:\DGTour\Saved\StagedBuilds\Windows\DiscGolfTour\Data\PineRidgeHole1.json C:\DGTour_Packages\S18_PolyHavenProvenance_63624166-aa24-49d0-a89f-74a125a36be2\Windows\DiscGolfTour\Data\PineRidgeHole1.json
SafeCreateDirectory C:\DGTour_Packages\S18_PolyHavenProvenance_63624166-aa24-49d0-a89f-74a125a36be2\Windows\DiscGolfTour\Data
SafeCopyFile C:\DGTour\Saved\StagedBuilds\Windows\DiscGolfTour\Data\PineRidgeHole2.json C:\DGTour_Packages\S18_PolyHavenProvenance_63624166-aa24-49d0-a89f-74a125a36be2\Windows\DiscGolfTour\Data\PineRidgeHole2.json
SafeCreateDirectory C:\DGTour_Packages\S18_PolyHavenProvenance_63624166-aa24-49d0-a89f-74a125a36be2\Windows\DiscGolfTour\Data
SafeCopyFile C:\DGTour\Saved\StagedBuilds\Windows\DiscGolfTour\Data\PineRidgeHole3.json C:\DGTour_Packages\S18_PolyHavenProvenance_63624166-aa24-49d0-a89f-74a125a36be2\Windows\DiscGolfTour\Data\PineRidgeHole3.json
SafeCreateDirectory C:\DGTour_Packages\S18_PolyHavenProvenance_63624166-aa24-49d0-a89f-74a125a36be2\Windows\DiscGolfTour\Data
SafeCopyFile C:\DGTour\Saved\StagedBuilds\Windows\DiscGolfTour\Data\PineRidgePresentation.json C:\DGTour_Packages\S18_PolyHavenProvenance_63624166-aa24-49d0-a89f-74a125a36be2\Windows\DiscGolfTour\Data\PineRidgePresentation.json
SafeCreateDirectory C:\DGTour_Packages\S18_PolyHavenProvenance_63624166-aa24-49d0-a89f-74a125a36be2\Windows\DiscGolfTour\Data
SafeCopyFile C:\DGTour\Saved\StagedBuilds\Windows\Engine\Config\StagedBuild_DiscGolfTour.ini C:\DGTour_Packages\S18_PolyHavenProvenance_63624166-aa24-49d0-a89f-74a125a36be2\Windows\Engine\Config\StagedBuild_DiscGolfTour.ini
SafeCreateDirectory C:\DGTour_Packages\S18_PolyHavenProvenance_63624166-aa24-49d0-a89f-74a125a36be2\Windows\Engine\Config
SafeCopyFile C:\DGTour\Saved\StagedBuilds\Windows\DiscGolfTour\Binaries\Win64\DiscGolfTour.exe C:\DGTour_Packages\S18_PolyHavenProvenance_63624166-aa24-49d0-a89f-74a125a36be2\Windows\DiscGolfTour\Binaries\Win64\DiscGolfTour.exe
SafeCreateDirectory C:\DGTour_Packages\S18_PolyHavenProvenance_63624166-aa24-49d0-a89f-74a125a36be2\Windows\DiscGolfTour\Binaries\Win64
SafeCopyFile C:\DGTour\Saved\StagedBuilds\Windows\DiscGolfTour\Binaries\Win64\DiscGolfTour.pdb C:\DGTour_Packages\S18_PolyHavenProvenance_63624166-aa24-49d0-a89f-74a125a36be2\Windows\DiscGolfTour\Binaries\Win64\DiscGolfTour.pdb
SafeCreateDirectory C:\DGTour_Packages\S18_PolyHavenProvenance_63624166-aa24-49d0-a89f-74a125a36be2\Windows\DiscGolfTour\Binaries\Win64
SafeCopyFile C:\DGTour\Saved\StagedBuilds\Windows\DiscGolfTour\Binaries\Win64\tbb12.dll C:\DGTour_Packages\S18_PolyHavenProvenance_63624166-aa24-49d0-a89f-74a125a36be2\Windows\DiscGolfTour\Binaries\Win64\tbb12.dll
SafeCreateDirectory C:\DGTour_Packages\S18_PolyHavenProvenance_63624166-aa24-49d0-a89f-74a125a36be2\Windows\DiscGolfTour\Binaries\Win64
SafeCopyFile C:\DGTour\Saved\StagedBuilds\Windows\DiscGolfTour\Binaries\Win64\tbbmalloc.dll C:\DGTour_Packages\S18_PolyHavenProvenance_63624166-aa24-49d0-a89f-74a125a36be2\Windows\DiscGolfTour\Binaries\Win64\tbbmalloc.dll
SafeCreateDirectory C:\DGTour_Packages\S18_PolyHavenProvenance_63624166-aa24-49d0-a89f-74a125a36be2\Windows\DiscGolfTour\Binaries\Win64
SafeCopyFile C:\DGTour\Saved\StagedBuilds\Windows\DiscGolfTour\Content\Paks\DiscGolfTour-Windows.pak C:\DGTour_Packages\S18_PolyHavenProvenance_63624166-aa24-49d0-a89f-74a125a36be2\Windows\DiscGolfTour\Content\Paks\DiscGolfTour-Windows.pak
SafeCreateDirectory C:\DGTour_Packages\S18_PolyHavenProvenance_63624166-aa24-49d0-a89f-74a125a36be2\Windows\DiscGolfTour\Content\Paks
SafeCopyFile C:\DGTour\Saved\StagedBuilds\Windows\DiscGolfTour\Content\Paks\DiscGolfTour-Windows.ucas C:\DGTour_Packages\S18_PolyHavenProvenance_63624166-aa24-49d0-a89f-74a125a36be2\Windows\DiscGolfTour\Content\Paks\DiscGolfTour-Windows.ucas
SafeCreateDirectory C:\DGTour_Packages\S18_PolyHavenProvenance_63624166-aa24-49d0-a89f-74a125a36be2\Windows\DiscGolfTour\Content\Paks
SafeCopyFile C:\DGTour\Saved\StagedBuilds\Windows\DiscGolfTour\Content\Paks\DiscGolfTour-Windows.utoc C:\DGTour_Packages\S18_PolyHavenProvenance_63624166-aa24-49d0-a89f-74a125a36be2\Windows\DiscGolfTour\Content\Paks\DiscGolfTour-Windows.utoc
SafeCreateDirectory C:\DGTour_Packages\S18_PolyHavenProvenance_63624166-aa24-49d0-a89f-74a125a36be2\Windows\DiscGolfTour\Content\Paks
SafeCopyFile C:\DGTour\Saved\StagedBuilds\Windows\DiscGolfTour\Content\Paks\global.ucas C:\DGTour_Packages\S18_PolyHavenProvenance_63624166-aa24-49d0-a89f-74a125a36be2\Windows\DiscGolfTour\Content\Paks\global.ucas
SafeCreateDirectory C:\DGTour_Packages\S18_PolyHavenProvenance_63624166-aa24-49d0-a89f-74a125a36be2\Windows\DiscGolfTour\Content\Paks
SafeCopyFile C:\DGTour\Saved\StagedBuilds\Windows\DiscGolfTour\Content\Paks\global.utoc C:\DGTour_Packages\S18_PolyHavenProvenance_63624166-aa24-49d0-a89f-74a125a36be2\Windows\DiscGolfTour\Content\Paks\global.utoc
SafeCreateDirectory C:\DGTour_Packages\S18_PolyHavenProvenance_63624166-aa24-49d0-a89f-74a125a36be2\Windows\DiscGolfTour\Content\Paks
SafeCopyFile C:\DGTour\Saved\StagedBuilds\Windows\Engine\Content\Renderer\TessellationTable.bin C:\DGTour_Packages\S18_PolyHavenProvenance_63624166-aa24-49d0-a89f-74a125a36be2\Windows\Engine\Content\Renderer\TessellationTable.bin
SafeCreateDirectory C:\DGTour_Packages\S18_PolyHavenProvenance_63624166-aa24-49d0-a89f-74a125a36be2\Windows\Engine\Content\Renderer
SafeCopyFile C:\DGTour\Saved\StagedBuilds\Windows\Engine\Extras\GPUDumpViewer\GPUDumpViewer.html C:\DGTour_Packages\S18_PolyHavenProvenance_63624166-aa24-49d0-a89f-74a125a36be2\Windows\Engine\Extras\GPUDumpViewer\GPUDumpViewer.html
SafeCreateDirectory C:\DGTour_Packages\S18_PolyHavenProvenance_63624166-aa24-49d0-a89f-74a125a36be2\Windows\Engine\Extras\GPUDumpViewer
SafeCopyFile C:\DGTour\Saved\StagedBuilds\Windows\Engine\Extras\GPUDumpViewer\OpenGPUDumpViewer.bat C:\DGTour_Packages\S18_PolyHavenProvenance_63624166-aa24-49d0-a89f-74a125a36be2\Windows\Engine\Extras\GPUDumpViewer\OpenGPUDumpViewer.bat
SafeCreateDirectory C:\DGTour_Packages\S18_PolyHavenProvenance_63624166-aa24-49d0-a89f-74a125a36be2\Windows\Engine\Extras\GPUDumpViewer
SafeCopyFile C:\DGTour\Saved\StagedBuilds\Windows\Engine\Extras\GPUDumpViewer\OpenGPUDumpViewer.sh C:\DGTour_Packages\S18_PolyHavenProvenance_63624166-aa24-49d0-a89f-74a125a36be2\Windows\Engine\Extras\GPUDumpViewer\OpenGPUDumpViewer.sh
SafeCreateDirectory C:\DGTour_Packages\S18_PolyHavenProvenance_63624166-aa24-49d0-a89f-74a125a36be2\Windows\Engine\Extras\GPUDumpViewer
SafeCopyFile C:\DGTour\Saved\StagedBuilds\Windows\Engine\Binaries\ThirdParty\DbgHelp\dbghelp.dll C:\DGTour_Packages\S18_PolyHavenProvenance_63624166-aa24-49d0-a89f-74a125a36be2\Windows\Engine\Binaries\ThirdParty\DbgHelp\dbghelp.dll
SafeCreateDirectory C:\DGTour_Packages\S18_PolyHavenProvenance_63624166-aa24-49d0-a89f-74a125a36be2\Windows\Engine\Binaries\ThirdParty\DbgHelp
SafeCopyFile C:\DGTour\Saved\StagedBuilds\Windows\Engine\Content\Slate\Cursor\invisible.cur C:\DGTour_Packages\S18_PolyHavenProvenance_63624166-aa24-49d0-a89f-74a125a36be2\Windows\Engine\Content\Slate\Cursor\invisible.cur
SafeCreateDirectory C:\DGTour_Packages\S18_PolyHavenProvenance_63624166-aa24-49d0-a89f-74a125a36be2\Windows\Engine\Content\Slate\Cursor
SafeCopyFile C:\DGTour\Saved\StagedBuilds\Windows\Engine\Content\SlateDebug\Fonts\LastResort.tps C:\DGTour_Packages\S18_PolyHavenProvenance_63624166-aa24-49d0-a89f-74a125a36be2\Windows\Engine\Content\SlateDebug\Fonts\LastResort.tps
SafeCreateDirectory C:\DGTour_Packages\S18_PolyHavenProvenance_63624166-aa24-49d0-a89f-74a125a36be2\Windows\Engine\Content\SlateDebug\Fonts
SafeCopyFile C:\DGTour\Saved\StagedBuilds\Windows\Engine\Content\SlateDebug\Fonts\LastResort.ttf C:\DGTour_Packages\S18_PolyHavenProvenance_63624166-aa24-49d0-a89f-74a125a36be2\Windows\Engine\Content\SlateDebug\Fonts\LastResort.ttf
SafeCreateDirectory C:\DGTour_Packages\S18_PolyHavenProvenance_63624166-aa24-49d0-a89f-74a125a36be2\Windows\Engine\Content\SlateDebug\Fonts
SafeCopyFile C:\DGTour\Saved\StagedBuilds\Windows\DiscGolfTour\Binaries\Win64\D3D12\x64\D3D12Core.dll C:\DGTour_Packages\S18_PolyHavenProvenance_63624166-aa24-49d0-a89f-74a125a36be2\Windows\DiscGolfTour\Binaries\Win64\D3D12\x64\D3D12Core.dll
SafeCreateDirectory C:\DGTour_Packages\S18_PolyHavenProvenance_63624166-aa24-49d0-a89f-74a125a36be2\Windows\DiscGolfTour\Binaries\Win64\D3D12\x64
SafeCopyFile C:\DGTour\Saved\StagedBuilds\Windows\DiscGolfTour\Binaries\Win64\D3D12\x64\d3d12SDKLayers.dll C:\DGTour_Packages\S18_PolyHavenProvenance_63624166-aa24-49d0-a89f-74a125a36be2\Windows\DiscGolfTour\Binaries\Win64\D3D12\x64\d3d12SDKLayers.dll
SafeCreateDirectory C:\DGTour_Packages\S18_PolyHavenProvenance_63624166-aa24-49d0-a89f-74a125a36be2\Windows\DiscGolfTour\Binaries\Win64\D3D12\x64
SafeCopyFile C:\DGTour\Saved\StagedBuilds\Windows\DiscGolfTour\Binaries\Win64\DML\x64\DirectML.dll C:\DGTour_Packages\S18_PolyHavenProvenance_63624166-aa24-49d0-a89f-74a125a36be2\Windows\DiscGolfTour\Binaries\Win64\DML\x64\DirectML.dll
SafeCreateDirectory C:\DGTour_Packages\S18_PolyHavenProvenance_63624166-aa24-49d0-a89f-74a125a36be2\Windows\DiscGolfTour\Binaries\Win64\DML\x64
SafeCopyFile C:\DGTour\Saved\StagedBuilds\Windows\Engine\Binaries\ThirdParty\Vulkan\Win64\VkLayer_api_dump.dll C:\DGTour_Packages\S18_PolyHavenProvenance_63624166-aa24-49d0-a89f-74a125a36be2\Windows\Engine\Binaries\ThirdParty\Vulkan\Win64\VkLayer_api_dump.dll
SafeCreateDirectory C:\DGTour_Packages\S18_PolyHavenProvenance_63624166-aa24-49d0-a89f-74a125a36be2\Windows\Engine\Binaries\ThirdParty\Vulkan\Win64
SafeCopyFile C:\DGTour\Saved\StagedBuilds\Windows\Engine\Binaries\ThirdParty\Vulkan\Win64\VkLayer_api_dump.json C:\DGTour_Packages\S18_PolyHavenProvenance_63624166-aa24-49d0-a89f-74a125a36be2\Windows\Engine\Binaries\ThirdParty\Vulkan\Win64\VkLayer_api_dump.json
SafeCreateDirectory C:\DGTour_Packages\S18_PolyHavenProvenance_63624166-aa24-49d0-a89f-74a125a36be2\Windows\Engine\Binaries\ThirdParty\Vulkan\Win64
SafeCopyFile C:\DGTour\Saved\StagedBuilds\Windows\Engine\Binaries\ThirdParty\Vulkan\Win64\VkLayer_crash_diagnostic.dll C:\DGTour_Packages\S18_PolyHavenProvenance_63624166-aa24-49d0-a89f-74a125a36be2\Windows\Engine\Binaries\ThirdParty\Vulkan\Win64\VkLayer_crash_diagnostic.dll
SafeCreateDirectory C:\DGTour_Packages\S18_PolyHavenProvenance_63624166-aa24-49d0-a89f-74a125a36be2\Windows\Engine\Binaries\ThirdParty\Vulkan\Win64
SafeCopyFile C:\DGTour\Saved\StagedBuilds\Windows\Engine\Binaries\ThirdParty\Vulkan\Win64\VkLayer_crash_diagnostic.json C:\DGTour_Packages\S18_PolyHavenProvenance_63624166-aa24-49d0-a89f-74a125a36be2\Windows\Engine\Binaries\ThirdParty\Vulkan\Win64\VkLayer_crash_diagnostic.json
SafeCreateDirectory C:\DGTour_Packages\S18_PolyHavenProvenance_63624166-aa24-49d0-a89f-74a125a36be2\Windows\Engine\Binaries\ThirdParty\Vulkan\Win64
SafeCopyFile C:\DGTour\Saved\StagedBuilds\Windows\Engine\Binaries\ThirdParty\Vulkan\Win64\VkLayer_gfxreconstruct.dll C:\DGTour_Packages\S18_PolyHavenProvenance_63624166-aa24-49d0-a89f-74a125a36be2\Windows\Engine\Binaries\ThirdParty\Vulkan\Win64\VkLayer_gfxreconstruct.dll
SafeCreateDirectory C:\DGTour_Packages\S18_PolyHavenProvenance_63624166-aa24-49d0-a89f-74a125a36be2\Windows\Engine\Binaries\ThirdParty\Vulkan\Win64
SafeCopyFile C:\DGTour\Saved\StagedBuilds\Windows\Engine\Binaries\ThirdParty\Vulkan\Win64\VkLayer_gfxreconstruct.json C:\DGTour_Packages\S18_PolyHavenProvenance_63624166-aa24-49d0-a89f-74a125a36be2\Windows\Engine\Binaries\ThirdParty\Vulkan\Win64\VkLayer_gfxreconstruct.json
SafeCreateDirectory C:\DGTour_Packages\S18_PolyHavenProvenance_63624166-aa24-49d0-a89f-74a125a36be2\Windows\Engine\Binaries\ThirdParty\Vulkan\Win64
SafeCopyFile C:\DGTour\Saved\StagedBuilds\Windows\Engine\Binaries\ThirdParty\Vulkan\Win64\VkLayer_khronos_profiles.dll C:\DGTour_Packages\S18_PolyHavenProvenance_63624166-aa24-49d0-a89f-74a125a36be2\Windows\Engine\Binaries\ThirdParty\Vulkan\Win64\VkLayer_khronos_profiles.dll
SafeCreateDirectory C:\DGTour_Packages\S18_PolyHavenProvenance_63624166-aa24-49d0-a89f-74a125a36be2\Windows\Engine\Binaries\ThirdParty\Vulkan\Win64
SafeCopyFile C:\DGTour\Saved\StagedBuilds\Windows\Engine\Binaries\ThirdParty\Vulkan\Win64\VkLayer_khronos_profiles.json C:\DGTour_Packages\S18_PolyHavenProvenance_63624166-aa24-49d0-a89f-74a125a36be2\Windows\Engine\Binaries\ThirdParty\Vulkan\Win64\VkLayer_khronos_profiles.json
SafeCreateDirectory C:\DGTour_Packages\S18_PolyHavenProvenance_63624166-aa24-49d0-a89f-74a125a36be2\Windows\Engine\Binaries\ThirdParty\Vulkan\Win64
SafeCopyFile C:\DGTour\Saved\StagedBuilds\Windows\Engine\Binaries\ThirdParty\Vulkan\Win64\VkLayer_khronos_shader_object.dll C:\DGTour_Packages\S18_PolyHavenProvenance_63624166-aa24-49d0-a89f-74a125a36be2\Windows\Engine\Binaries\ThirdParty\Vulkan\Win64\VkLayer_khronos_shader_object.dll
SafeCreateDirectory C:\DGTour_Packages\S18_PolyHavenProvenance_63624166-aa24-49d0-a89f-74a125a36be2\Windows\Engine\Binaries\ThirdParty\Vulkan\Win64
SafeCopyFile C:\DGTour\Saved\StagedBuilds\Windows\Engine\Binaries\ThirdParty\Vulkan\Win64\VkLayer_khronos_shader_object.json C:\DGTour_Packages\S18_PolyHavenProvenance_63624166-aa24-49d0-a89f-74a125a36be2\Windows\Engine\Binaries\ThirdParty\Vulkan\Win64\VkLayer_khronos_shader_object.json
SafeCreateDirectory C:\DGTour_Packages\S18_PolyHavenProvenance_63624166-aa24-49d0-a89f-74a125a36be2\Windows\Engine\Binaries\ThirdParty\Vulkan\Win64
SafeCopyFile C:\DGTour\Saved\StagedBuilds\Windows\Engine\Binaries\ThirdParty\Vulkan\Win64\VkLayer_khronos_synchronization2.dll C:\DGTour_Packages\S18_PolyHavenProvenance_63624166-aa24-49d0-a89f-74a125a36be2\Windows\Engine\Binaries\ThirdParty\Vulkan\Win64\VkLayer_khronos_synchronization2.dll
SafeCreateDirectory C:\DGTour_Packages\S18_PolyHavenProvenance_63624166-aa24-49d0-a89f-74a125a36be2\Windows\Engine\Binaries\ThirdParty\Vulkan\Win64
SafeCopyFile C:\DGTour\Saved\StagedBuilds\Windows\Engine\Binaries\ThirdParty\Vulkan\Win64\VkLayer_khronos_synchronization2.json C:\DGTour_Packages\S18_PolyHavenProvenance_63624166-aa24-49d0-a89f-74a125a36be2\Windows\Engine\Binaries\ThirdParty\Vulkan\Win64\VkLayer_khronos_synchronization2.json
SafeCreateDirectory C:\DGTour_Packages\S18_PolyHavenProvenance_63624166-aa24-49d0-a89f-74a125a36be2\Windows\Engine\Binaries\ThirdParty\Vulkan\Win64
SafeCopyFile C:\DGTour\Saved\StagedBuilds\Windows\Engine\Binaries\ThirdParty\Vulkan\Win64\VkLayer_khronos_validation.dll C:\DGTour_Packages\S18_PolyHavenProvenance_63624166-aa24-49d0-a89f-74a125a36be2\Windows\Engine\Binaries\ThirdParty\Vulkan\Win64\VkLayer_khronos_validation.dll
SafeCreateDirectory C:\DGTour_Packages\S18_PolyHavenProvenance_63624166-aa24-49d0-a89f-74a125a36be2\Windows\Engine\Binaries\ThirdParty\Vulkan\Win64
SafeCopyFile C:\DGTour\Saved\StagedBuilds\Windows\Engine\Binaries\ThirdParty\Vulkan\Win64\VkLayer_khronos_validation.json C:\DGTour_Packages\S18_PolyHavenProvenance_63624166-aa24-49d0-a89f-74a125a36be2\Windows\Engine\Binaries\ThirdParty\Vulkan\Win64\VkLayer_khronos_validation.json
SafeCreateDirectory C:\DGTour_Packages\S18_PolyHavenProvenance_63624166-aa24-49d0-a89f-74a125a36be2\Windows\Engine\Binaries\ThirdParty\Vulkan\Win64
SafeCopyFile C:\DGTour\Saved\StagedBuilds\Windows\Engine\Binaries\ThirdParty\MsQuic\v220\win64\msquic.dll C:\DGTour_Packages\S18_PolyHavenProvenance_63624166-aa24-49d0-a89f-74a125a36be2\Windows\Engine\Binaries\ThirdParty\MsQuic\v220\win64\msquic.dll
SafeCreateDirectory C:\DGTour_Packages\S18_PolyHavenProvenance_63624166-aa24-49d0-a89f-74a125a36be2\Windows\Engine\Binaries\ThirdParty\MsQuic\v220\win64
SafeCopyFile C:\DGTour\Saved\StagedBuilds\Windows\Engine\Binaries\ThirdParty\NVIDIA\NVaftermath\Win64\GFSDK_Aftermath_Lib.x64.dll C:\DGTour_Packages\S18_PolyHavenProvenance_63624166-aa24-49d0-a89f-74a125a36be2\Windows\Engine\Binaries\ThirdParty\NVIDIA\NVaftermath\Win64\GFSDK_Aftermath_Lib.x64.dll
SafeCreateDirectory C:\DGTour_Packages\S18_PolyHavenProvenance_63624166-aa24-49d0-a89f-74a125a36be2\Windows\Engine\Binaries\ThirdParty\NVIDIA\NVaftermath\Win64
SafeCopyFile C:\DGTour\Saved\StagedBuilds\Windows\Engine\Binaries\ThirdParty\Ogg\Win64\VS2015\libogg_64.dll C:\DGTour_Packages\S18_PolyHavenProvenance_63624166-aa24-49d0-a89f-74a125a36be2\Windows\Engine\Binaries\ThirdParty\Ogg\Win64\VS2015\libogg_64.dll
SafeCreateDirectory C:\DGTour_Packages\S18_PolyHavenProvenance_63624166-aa24-49d0-a89f-74a125a36be2\Windows\Engine\Binaries\ThirdParty\Ogg\Win64\VS2015
SafeCopyFile C:\DGTour\Saved\StagedBuilds\Windows\Engine\Binaries\ThirdParty\Vorbis\Win64\VS2015\libvorbisfile_64.dll C:\DGTour_Packages\S18_PolyHavenProvenance_63624166-aa24-49d0-a89f-74a125a36be2\Windows\Engine\Binaries\ThirdParty\Vorbis\Win64\VS2015\libvorbisfile_64.dll
SafeCreateDirectory C:\DGTour_Packages\S18_PolyHavenProvenance_63624166-aa24-49d0-a89f-74a125a36be2\Windows\Engine\Binaries\ThirdParty\Vorbis\Win64\VS2015
SafeCopyFile C:\DGTour\Saved\StagedBuilds\Windows\Engine\Binaries\ThirdParty\Vorbis\Win64\VS2015\libvorbis_64.dll C:\DGTour_Packages\S18_PolyHavenProvenance_63624166-aa24-49d0-a89f-74a125a36be2\Windows\Engine\Binaries\ThirdParty\Vorbis\Win64\VS2015\libvorbis_64.dll
SafeCreateDirectory C:\DGTour_Packages\S18_PolyHavenProvenance_63624166-aa24-49d0-a89f-74a125a36be2\Windows\Engine\Binaries\ThirdParty\Vorbis\Win64\VS2015
SafeCopyFile C:\DGTour\Saved\StagedBuilds\Windows\Engine\Binaries\ThirdParty\Windows\WinPixEventRuntime\x64\WinPixEventRuntime.dll C:\DGTour_Packages\S18_PolyHavenProvenance_63624166-aa24-49d0-a89f-74a125a36be2\Windows\Engine\Binaries\ThirdParty\Windows\WinPixEventRuntime\x64\WinPixEventRuntime.dll
SafeCreateDirectory C:\DGTour_Packages\S18_PolyHavenProvenance_63624166-aa24-49d0-a89f-74a125a36be2\Windows\Engine\Binaries\ThirdParty\Windows\WinPixEventRuntime\x64
SafeCopyFile C:\DGTour\Saved\StagedBuilds\Windows\Engine\Binaries\ThirdParty\Windows\XAudio2_9\x64\xaudio2_9redist.dll C:\DGTour_Packages\S18_PolyHavenProvenance_63624166-aa24-49d0-a89f-74a125a36be2\Windows\Engine\Binaries\ThirdParty\Windows\XAudio2_9\x64\xaudio2_9redist.dll
SafeCreateDirectory C:\DGTour_Packages\S18_PolyHavenProvenance_63624166-aa24-49d0-a89f-74a125a36be2\Windows\Engine\Binaries\ThirdParty\Windows\XAudio2_9\x64
SafeCopyFile C:\DGTour\Saved\StagedBuilds\Windows\Engine\Plugins\NNE\NNERuntimeORT\Binaries\ThirdParty\Onnxruntime\Win64\onnxruntime.dll C:\DGTour_Packages\S18_PolyHavenProvenance_63624166-aa24-49d0-a89f-74a125a36be2\Windows\Engine\Plugins\NNE\NNERuntimeORT\Binaries\ThirdParty\Onnxruntime\Win64\onnxruntime.dll
SafeCreateDirectory C:\DGTour_Packages\S18_PolyHavenProvenance_63624166-aa24-49d0-a89f-74a125a36be2\Windows\Engine\Plugins\NNE\NNERuntimeORT\Binaries\ThirdParty\Onnxruntime\Win64
Archive command time: 3.09 s
********** ARCHIVE COMMAND COMPLETED **********
BuildCookRun time: 324.32 s
BUILD SUCCESSFUL
AutomationTool executed for 0h 5m 25s
AutomationTool exiting with ExitCode=0 (Success)
